sample_id,endpoint_latency_ms,cpu_utilization_pct,memory_rss_mb,error_rate_pct
PROD-0001,34.79,59.28,833.7,7.526
PROD-0002,53.78,67.42,695.3,8.587
PROD-0003,39.93,81.03,817.4,8.329
PROD-0004,72.91,74.67,786.5,7.672
PROD-0005,91.2,67.31,819.5,7.422
PROD-0006,84.17,46.2,754.4,6.618
PROD-0007,77.79,74.12,753.0,9.184
PROD-0008,63.31,99.0,666.7,7.589
PROD-0009,73.07,94.64,793.5,7.434
PROD-0010,93.07,54.62,754.3,5.779
PROD-0011,102.94,67.87,860.5,7.986
PROD-0012,77.88,63.05,839.7,8.228
PROD-0013,74.98,64.51,1013.9,4.552
PROD-0014,126.96,83.06,712.5,8.854
PROD-0015,91.2,67.58,860.3,4.339
PROD-0016,76.93,89.78,714.0,6.092
PROD-0017,88.35,48.5,692.6,8.0
PROD-0018,67.39,59.39,703.5,6.941
PROD-0019,82.97,61.35,779.5,8.911
PROD-0020,75.3,62.57,805.4,7.147
PROD-0021,106.65,76.76,871.9,6.491
PROD-0022,77.54,60.72,749.2,6.238
PROD-0023,108.64,78.81,798.6,3.626
PROD-0024,89.89,87.69,706.1,6.886
PROD-0025,62.21,91.08,555.4,5.517
PROD-0026,100.72,70.93,860.4,5.898
PROD-0027,75.1,80.5,756.2,6.917
PROD-0028,48.52,58.32,731.4,9.462
PROD-0029,72.34,68.4,756.5,4.767
PROD-0030,102.86,81.32,702.6,4.488
PROD-0031,63.61,61.02,848.9,5.104
PROD-0032,65.68,78.32,909.4,6.346
PROD-0033,52.11,98.85,770.3,7.189
PROD-0034,114.91,75.46,689.0,9.21
PROD-0035,119.38,72.96,756.7,7.484
PROD-0036,72.47,78.88,696.9,8.93
PROD-0037,82.39,88.23,605.6,4.629
PROD-0038,96.07,72.78,770.1,7.106
PROD-0039,72.79,81.82,860.5,5.035
PROD-0040,93.54,61.6,737.9,4.54
PROD-0041,99.46,66.78,684.4,8.292
PROD-0042,84.96,62.0,741.0,5.348
PROD-0043,51.38,67.59,710.0,8.903
PROD-0044,69.41,79.34,595.8,6.867
PROD-0045,89.98,41.91,703.8,6.469
PROD-0046,139.47,81.76,724.5,7.544
PROD-0047,81.65,61.86,803.6,6.133
PROD-0048,78.51,72.47,814.1,4.861
PROD-0049,90.03,92.16,733.3,5.557
PROD-0050,88.4,53.94,718.5,6.501
PROD-0051,61.39,79.29,625.6,7.685
PROD-0052,83.47,70.46,725.3,3.366
PROD-0053,70.97,63.5,932.0,6.101
PROD-0054,40.55,74.72,651.6,6.293
PROD-0055,84.3,53.18,658.0,5.78
PROD-0056,65.03,66.14,812.5,7.623
PROD-0057,75.99,57.13,703.5,7.423
PROD-0058,85.17,63.53,808.2,8.578
PROD-0059,93.59,49.95,774.8,9.239
PROD-0060,74.66,71.83,805.5,8.062
PROD-0061,91.38,54.17,685.4,6.093
PROD-0062,79.02,64.93,807.7,7.621
PROD-0063,80.29,93.22,747.9,5.859
PROD-0064,109.85,39.16,761.0,6.832
PROD-0065,86.79,63.47,626.7,4.645
PROD-0066,96.93,59.63,689.1,8.793
PROD-0067,118.35,86.02,771.6,5.822
PROD-0068,104.36,82.75,885.3,5.906
PROD-0069,102.96,37.9,845.8,6.228
PROD-0070,91.93,61.15,903.9,9.068
PROD-0071,70.6,84.3,658.4,8.707
PROD-0072,83.67,82.62,816.3,7.68
PROD-0073,101.02,65.17,776.6,9.201
PROD-0074,64.59,68.82,858.6,6.303
PROD-0075,57.79,77.78,970.2,5.954
PROD-0076,97.77,62.87,742.3,3.537
PROD-0077,128.56,72.82,636.5,4.669
PROD-0078,59.57,39.64,719.0,3.844
PROD-0079,83.48,85.72,692.8,11.029
PROD-0080,60.56,87.43,917.4,9.309
PROD-0081,93.17,57.17,860.1,5.834
PROD-0082,95.7,66.52,929.1,8.598
PROD-0083,83.13,77.58,943.1,4.252
PROD-0084,56.88,46.84,790.2,4.972
PROD-0085,117.3,73.94,880.2,2.968
PROD-0086,63.73,70.61,861.9,4.395
PROD-0087,105.84,49.86,846.3,4.312
PROD-0088,65.25,67.48,640.5,4.826
PROD-0089,80.48,52.66,810.6,6.901
PROD-0090,66.01,52.66,793.1,5.859
PROD-0091,61.45,79.51,764.7,7.487
PROD-0092,93.87,82.12,955.8,6.157
PROD-0093,84.88,40.97,713.8,3.864
PROD-0094,73.33,82.48,773.1,5.407
PROD-0095,69.1,43.78,799.4,5.66
PROD-0096,72.2,72.54,943.1,3.764
PROD-0097,91.59,61.37,983.9,5.494
PROD-0098,66.78,52.31,994.1,4.112
PROD-0099,90.94,88.62,827.0,8.39
PROD-0100,69.4,72.7,857.1,7.715
PROD-0101,90.5,65.72,760.1,4.913
PROD-0102,99.34,60.58,758.0,5.998
PROD-0103,79.34,59.13,887.3,4.403
PROD-0104,77.03,83.88,907.9,9.388
PROD-0105,34.42,41.09,750.6,9.449
PROD-0106,65.93,75.04,827.8,7.983
PROD-0107,80.15,87.36,856.2,5.849
PROD-0108,74.0,53.8,830.7,6.862
PROD-0109,69.71,87.28,722.0,4.176
PROD-0110,74.42,45.92,778.3,7.605
PROD-0111,97.1,72.55,799.7,10.716
PROD-0112,124.6,67.32,905.6,6.303
PROD-0113,81.94,63.73,777.0,9.302
PROD-0114,76.16,81.27,608.3,10.225
PROD-0115,59.92,61.25,772.7,8.926
PROD-0116,115.43,55.83,836.1,7.959
PROD-0117,72.23,66.53,801.2,7.162
PROD-0118,107.32,88.42,860.1,4.226
PROD-0119,95.13,62.9,873.7,5.068
PROD-0120,83.02,57.07,702.6,10.309
PROD-0121,58.73,99.0,784.7,5.773
PROD-0122,97.89,51.65,789.4,6.232
PROD-0123,89.74,76.13,851.9,7.112
PROD-0124,76.73,53.58,997.4,6.676
PROD-0125,98.35,71.33,752.1,4.794
PROD-0126,47.23,69.19,812.7,6.114
PROD-0127,112.15,83.63,804.3,7.791
PROD-0128,67.65,67.39,877.6,5.287
PROD-0129,40.42,49.27,658.1,6.419
PROD-0130,75.77,70.81,796.3,4.112
PROD-0131,85.14,65.91,720.0,4.33
PROD-0132,63.08,79.54,952.5,5.766
PROD-0133,86.21,72.74,847.7,4.49
PROD-0134,39.0,77.93,771.5,6.692
PROD-0135,107.83,64.14,860.2,6.315
PROD-0136,78.61,45.36,898.9,6.182
PROD-0137,83.37,72.29,728.0,5.552
PROD-0138,88.48,69.83,868.9,6.275
PROD-0139,72.93,73.2,965.7,6.015
PROD-0140,111.82,82.55,865.9,9.473
PROD-0141,75.45,90.84,752.7,6.048
PROD-0142,62.88,68.86,808.4,5.345
PROD-0143,78.21,61.18,689.2,3.868
PROD-0144,61.19,66.71,861.3,5.45
PROD-0145,64.58,62.33,787.1,3.517
PROD-0146,67.5,58.2,755.6,7.032
PROD-0147,71.05,81.1,803.3,9.505
PROD-0148,93.82,81.55,700.5,5.204
PROD-0149,77.12,82.53,870.4,5.671
PROD-0150,87.6,73.88,929.5,4.82
PROD-0151,67.09,66.31,816.2,7.012
PROD-0152,90.25,69.87,742.3,7.164
PROD-0153,69.6,52.62,778.5,8.18
PROD-0154,100.55,76.14,885.5,8.539
PROD-0155,86.89,76.02,749.0,7.268
PROD-0156,92.82,59.77,690.7,5.767
PROD-0157,69.91,50.83,756.6,11.475
PROD-0158,90.0,61.48,842.5,9.54
PROD-0159,53.05,50.75,872.2,8.179
PROD-0160,90.96,68.26,831.1,8.607
PROD-0161,69.03,41.65,906.0,6.279
PROD-0162,57.1,69.62,868.7,6.522
PROD-0163,69.3,48.97,716.3,7.737
PROD-0164,84.13,69.66,793.0,7.008
PROD-0165,117.02,62.9,814.8,9.318
PROD-0166,70.66,55.9,662.1,4.536
PROD-0167,87.53,79.04,675.1,7.265
PROD-0168,92.75,69.15,865.1,9.093
PROD-0169,101.81,64.44,860.2,4.958
PROD-0170,89.03,85.33,795.4,6.297
PROD-0171,107.37,68.98,719.1,1.916
PROD-0172,99.09,49.37,680.5,5.504
PROD-0173,76.73,83.66,653.4,7.01
PROD-0174,61.26,54.4,824.7,4.898
PROD-0175,77.09,51.27,707.0,7.538
PROD-0176,117.06,79.5,686.7,7.814
PROD-0177,39.46,69.08,696.1,9.085
PROD-0178,96.71,69.5,811.0,8.345
PROD-0179,83.42,77.8,852.7,5.914
PROD-0180,54.27,51.89,752.2,6.004
PROD-0181,74.36,89.26,954.1,5.949
PROD-0182,68.38,47.81,828.5,3.706
PROD-0183,96.05,51.82,748.0,9.732
PROD-0184,77.29,61.62,820.5,9.133
PROD-0185,97.04,76.6,860.8,6.74
PROD-0186,83.41,72.21,974.7,7.222
PROD-0187,75.41,74.44,874.8,3.432
PROD-0188,88.4,69.01,660.6,7.854
PROD-0189,91.31,74.86,775.7,8.44
PROD-0190,78.58,71.42,833.9,5.813
PROD-0191,98.03,85.43,639.3,6.541
PROD-0192,70.87,37.19,682.9,7.558
PROD-0193,86.75,62.3,882.6,8.326
PROD-0194,90.77,34.72,792.4,6.328
PROD-0195,102.01,80.14,923.9,3.929
PROD-0196,90.25,77.71,674.7,7.568
PROD-0197,81.1,61.64,728.3,5.503
PROD-0198,104.67,88.72,688.6,7.497
PROD-0199,83.61,57.57,811.5,5.267
PROD-0200,74.41,67.81,669.2,8.968
PROD-0201,64.95,83.9,872.1,9.255
PROD-0202,70.58,72.76,811.4,5.038
PROD-0203,65.21,76.37,881.4,4.238
PROD-0204,79.14,70.63,788.2,7.002
PROD-0205,96.94,36.5,851.2,7.595
PROD-0206,92.72,67.05,928.5,7.944
PROD-0207,68.21,51.06,806.8,6.443
PROD-0208,62.73,51.71,718.6,4.957
PROD-0209,76.83,81.62,729.2,4.726
PROD-0210,72.07,89.74,790.1,6.678
PROD-0211,77.9,84.85,909.4,5.461
PROD-0212,70.49,71.15,619.1,5.926
PROD-0213,65.93,50.32,906.1,4.764
PROD-0214,72.15,73.24,771.7,7.268
PROD-0215,67.35,87.4,776.9,5.868
PROD-0216,96.69,67.42,880.5,8.056
PROD-0217,51.99,64.85,792.1,7.162
PROD-0218,88.96,50.04,788.9,9.901
PROD-0219,74.2,27.21,805.7,7.205
PROD-0220,64.35,82.08,761.9,7.246
PROD-0221,76.58,62.13,733.9,9.609
PROD-0222,32.84,79.59,877.3,1.718
PROD-0223,47.03,56.11,698.5,5.202
PROD-0224,68.21,60.65,744.2,9.881
PROD-0225,76.11,47.59,754.4,4.675
PROD-0226,82.24,80.48,626.4,5.143
PROD-0227,76.74,72.87,737.4,3.518
PROD-0228,87.61,70.47,862.6,5.48
PROD-0229,65.7,72.46,655.2,6.406
PROD-0230,64.09,66.33,770.4,8.908
PROD-0231,64.82,74.98,880.0,5.924
PROD-0232,115.07,63.64,810.5,7.539
PROD-0233,79.71,60.85,726.6,3.355
PROD-0234,91.18,74.54,624.8,7.297
PROD-0235,98.23,63.37,903.0,6.072
PROD-0236,74.33,71.86,755.5,6.575
PROD-0237,91.9,79.08,860.6,6.714
PROD-0238,50.27,70.19,859.5,8.672
PROD-0239,118.39,76.93,830.8,5.995
PROD-0240,90.77,53.29,843.2,7.959
PROD-0241,94.85,57.42,670.0,5.77
PROD-0242,107.43,53.69,630.2,7.245
PROD-0243,57.99,53.38,674.4,6.74
PROD-0244,63.31,72.73,836.3,5.611
PROD-0245,90.19,48.31,721.7,7.505
PROD-0246,64.22,78.67,972.7,5.815
PROD-0247,79.71,47.91,879.1,4.695
PROD-0248,53.13,57.09,747.8,4.572
PROD-0249,98.42,80.58,826.7,9.138
PROD-0250,76.75,65.86,724.3,6.302
PROD-0251,44.07,72.51,942.2,9.696
PROD-0252,83.51,70.48,796.3,5.485
PROD-0253,71.64,39.86,618.2,7.921
PROD-0254,67.71,59.17,961.6,7.799
PROD-0255,101.09,70.19,618.0,8.617
PROD-0256,76.3,77.84,812.7,7.343
PROD-0257,86.94,74.8,778.6,7.58
PROD-0258,75.57,81.42,843.8,8.972
PROD-0259,80.08,70.93,868.1,7.443
PROD-0260,74.09,81.07,738.6,8.36
PROD-0261,86.29,61.72,826.6,9.674
PROD-0262,64.01,59.6,781.4,5.025
PROD-0263,86.77,71.28,685.2,7.203
PROD-0264,63.67,69.42,800.2,10.533
PROD-0265,76.44,99.0,747.6,5.593
PROD-0266,52.28,59.72,747.3,8.532
PROD-0267,104.11,78.01,851.8,11.32
PROD-0268,45.42,97.07,803.6,4.61
PROD-0269,46.82,82.21,775.9,6.824
PROD-0270,48.98,73.8,718.0,11.47
PROD-0271,123.91,68.11,652.6,7.071
PROD-0272,91.39,56.42,700.1,8.846
PROD-0273,63.5,59.47,929.4,7.632
PROD-0274,67.96,63.43,741.5,7.364
PROD-0275,96.67,81.73,761.4,8.682
PROD-0276,47.23,45.5,720.2,9.278
PROD-0277,74.3,77.1,781.8,4.824
PROD-0278,83.31,99.0,722.6,8.476
PROD-0279,79.39,66.53,731.0,4.376
PROD-0280,102.48,68.2,895.6,5.239
PROD-0281,49.31,83.43,733.4,3.878
PROD-0282,51.23,62.15,757.4,6.217
PROD-0283,115.36,73.11,712.9,4.431
PROD-0284,62.13,88.45,821.8,5.302
PROD-0285,95.59,89.47,776.0,6.579
PROD-0286,40.92,75.63,716.8,7.235
PROD-0287,96.51,69.41,858.7,5.997
PROD-0288,102.96,78.34,730.4,9.505
PROD-0289,84.07,84.26,729.7,7.908
PROD-0290,105.28,55.61,796.0,7.95
PROD-0291,89.81,55.32,864.3,5.097
PROD-0292,59.21,68.67,714.2,4.838
PROD-0293,72.43,51.54,825.6,7.176
PROD-0294,94.81,72.31,718.1,6.249
PROD-0295,50.9,64.47,831.1,9.331
PROD-0296,109.63,66.91,709.0,6.518
PROD-0297,63.6,62.32,905.8,5.82
PROD-0298,87.5,66.4,873.7,6.081
PROD-0299,96.4,67.66,734.8,4.973
PROD-0300,62.43,86.06,830.5,5.944
PROD-0301,78.72,82.39,770.8,6.858
PROD-0302,84.54,73.44,760.6,6.622
PROD-0303,78.08,29.42,746.8,7.126
PROD-0304,82.0,76.39,730.3,9.142
PROD-0305,98.9,77.14,825.4,4.547
PROD-0306,70.61,59.0,779.9,7.66
PROD-0307,83.2,80.75,860.6,7.344
PROD-0308,93.81,35.71,801.3,4.33
PROD-0309,84.23,48.46,744.7,6.438
PROD-0310,86.35,69.36,708.6,10.02
PROD-0311,90.63,70.91,869.6,5.854
PROD-0312,73.98,86.62,910.9,7.888
PROD-0313,67.98,63.74,748.6,7.348
PROD-0314,82.16,57.8,666.9,5.252
PROD-0315,99.68,68.92,834.8,3.242
PROD-0316,69.99,59.31,933.4,5.598
PROD-0317,66.61,71.55,795.6,7.584
PROD-0318,76.44,65.05,795.3,5.655
PROD-0319,59.03,59.15,776.1,8.68
PROD-0320,78.9,53.01,787.3,10.012
PROD-0321,96.45,72.49,558.5,8.59
PROD-0322,82.43,55.92,903.3,4.746
PROD-0323,91.29,77.62,729.8,8.241
PROD-0324,105.89,68.94,765.8,6.243
PROD-0325,47.85,66.81,842.8,5.338
PROD-0326,86.05,76.82,919.8,5.083
PROD-0327,67.46,85.44,688.5,2.004
PROD-0328,68.93,60.63,565.0,4.613
PROD-0329,68.02,58.28,834.8,8.488
PROD-0330,83.29,64.01,781.6,6.952
PROD-0331,84.2,77.98,730.0,5.866
PROD-0332,77.7,33.59,703.6,9.376
PROD-0333,85.18,76.58,870.0,6.691
PROD-0334,85.98,69.54,839.0,7.788
PROD-0335,90.18,85.46,782.8,6.263
PROD-0336,93.74,69.72,870.7,10.129
PROD-0337,78.81,55.49,723.9,6.421
PROD-0338,116.32,71.63,796.6,6.603
PROD-0339,74.27,55.73,790.7,5.951
PROD-0340,96.14,63.33,790.7,10.072
PROD-0341,59.25,39.76,1107.7,5.901
PROD-0342,109.2,48.55,828.6,7.201
PROD-0343,110.47,56.57,813.2,8.438
PROD-0344,64.86,81.46,850.4,6.606
PROD-0345,105.86,73.54,823.9,8.868
PROD-0346,85.95,55.91,939.9,7.853
PROD-0347,106.52,48.41,974.0,6.06
PROD-0348,83.88,73.58,642.2,7.287
PROD-0349,101.7,74.62,781.1,4.209
PROD-0350,60.88,67.05,698.4,7.153
PROD-0351,62.54,83.35,756.2,4.745
PROD-0352,79.91,82.08,890.7,5.667
PROD-0353,94.34,70.25,835.1,10.235
PROD-0354,69.79,75.28,874.6,5.292
PROD-0355,98.01,62.66,731.5,6.498
PROD-0356,98.86,75.65,705.0,8.715
PROD-0357,57.52,72.22,684.6,7.705
PROD-0358,54.66,81.69,741.9,8.413
PROD-0359,87.63,77.23,725.2,5.456
PROD-0360,112.08,81.33,644.0,6.592
PROD-0361,91.19,36.81,809.8,7.201
PROD-0362,93.69,70.23,807.9,8.319
PROD-0363,71.24,92.34,749.1,5.482
PROD-0364,64.54,20.56,938.7,6.77
PROD-0365,79.46,37.17,860.0,6.881
PROD-0366,95.81,46.01,700.2,7.844
PROD-0367,58.97,58.16,667.9,7.178
PROD-0368,82.72,60.06,725.5,7.575
PROD-0369,81.89,52.12,614.0,6.486
PROD-0370,83.38,45.61,616.6,7.566
PROD-0371,77.52,76.33,798.5,4.037
PROD-0372,86.94,82.82,694.1,6.174
PROD-0373,73.66,64.57,792.4,6.713
PROD-0374,94.64,43.34,727.0,8.385
PROD-0375,74.82,54.91,801.1,4.6
PROD-0376,80.2,70.7,827.3,2.833
PROD-0377,107.29,96.44,715.3,9.022
PROD-0378,62.35,56.45,958.3,3.06
PROD-0379,87.08,81.36,720.1,6.55
PROD-0380,100.13,79.47,587.7,7.945
PROD-0381,89.04,71.63,757.1,6.65
PROD-0382,74.21,52.96,794.0,7.43
PROD-0383,96.31,65.36,794.8,9.427
PROD-0384,87.6,70.05,722.1,6.672
PROD-0385,93.78,56.89,805.4,7.528
PROD-0386,62.0,64.37,994.9,8.678
PROD-0387,88.31,62.48,807.8,8.641
PROD-0388,76.88,52.62,601.3,4.217
PROD-0389,63.86,59.36,749.6,5.475
PROD-0390,91.98,68.36,868.3,7.511
PROD-0391,89.78,52.0,945.1,4.823
PROD-0392,59.15,72.54,773.8,5.321
PROD-0393,96.57,57.49,734.0,4.098
PROD-0394,74.71,86.44,801.7,5.761
PROD-0395,82.21,98.04,769.0,4.819
PROD-0396,91.71,63.26,693.7,6.048
PROD-0397,94.56,64.53,832.2,5.754
PROD-0398,71.63,59.62,907.2,5.402
PROD-0399,79.83,58.35,483.5,7.03
PROD-0400,26.26,53.06,819.7,7.193
