customer_id,full_name,email,country,tenure_months,credit_score,annual_spend_usd,churn_risk_score,is_churned
CUST-00001,Bob Smith,bob.smith1@example.com,JP,32,726,8998.13,0.203,0
CUST-00002,Ian Vance,ian.vance2@example.com,CH,55,736,7408.39,0.07,0
CUST-00003,Julia Smith,julia.smith3@example.com,SE,26,690,3065.25,0.126,0
CUST-00004,Hannah Silva,hannah.silva4@example.com,JP,1,711,3489.94,0.338,0
CUST-00005,Evan Kovacs,evan.kovacs5@example.com,FR,44,756,7754.06,0.108,0
CUST-00006,Fiona Silva,fiona.silva6@example.com,JP,6,700,2586.7,0.778,1
CUST-00007,George Vance,george.vance7@example.com,SE,38,749,4205.67,0.259,0
CUST-00008,Julia Nakamoto,julia.nakamoto8@example.com,DE,6,655,2169.41,0.788,1
CUST-00009,Diana Vance,diana.vance9@example.com,AU,36,601,7284.56,0.049,0
CUST-00010,Fiona Nakamoto,fiona.nakamoto10@example.com,JP,10,681,4301.66,0.583,0
CUST-00011,Charlie Chen,charlie.chen11@example.com,AU,35,795,6080.75,0.167,0
CUST-00012,Fiona Smith,fiona.smith12@example.com,FR,5,730,3035.1,0.053,0
CUST-00013,Julia Larsson,julia.larsson13@example.com,FR,64,604,10134.44,0.138,0
CUST-00014,Evan Kovacs,evan.kovacs14@example.com,FR,72,613,7376.42,0.129,0
CUST-00015,Julia O'Connor,julia.o'connor15@example.com,CA,29,742,5933.5,0.148,0
CUST-00016,Alice Vance,alice.vance16@example.com,GB,21,726,3730.3,0.019,0
CUST-00017,George Silva,george.silva17@example.com,NL,68,709,10184.85,0.283,0
CUST-00018,Bob Al-Mansoor,bob.al-mansoor18@example.com,JP,44,758,7939.99,0.136,0
CUST-00019,Evan Al-Mansoor,evan.al-mansoor19@example.com,GB,65,813,5850.82,0.09,0
CUST-00020,Ian Silva,ian.silva20@example.com,FR,20,684,6260.71,0.286,0
CUST-00021,Ian Smith,ian.smith21@example.com,CH,42,680,6662.72,0.109,0
CUST-00022,Evan Nakamoto,evan.nakamoto22@example.com,US,31,814,3024.35,0.026,0
CUST-00023,Hannah Vance,hannah.vance23@example.com,SE,17,757,6825.97,0.165,0
CUST-00024,Evan Al-Mansoor,evan.al-mansoor24@example.com,CH,55,844,6330.92,0.227,0
CUST-00025,Diana Duval,diana.duval25@example.com,AU,48,642,7724.13,0.036,0
CUST-00026,Diana Vance,diana.vance26@example.com,CA,3,673,3964.2,0.176,0
CUST-00027,Bob Smith,bob.smith27@example.com,FR,9,808,2952.84,0.057,0
CUST-00028,Diana Duval,diana.duval28@example.com,NL,28,616,5195.83,0.265,0
CUST-00029,Julia Chen,julia.chen29@example.com,FR,61,723,6455.58,0.029,0
CUST-00030,George Larsson,george.larsson30@example.com,AU,53,615,7748.42,0.202,0
CUST-00031,Bob Smith,bob.smith31@example.com,AU,44,719,5877.46,0.057,0
CUST-00032,Ian Chen,ian.chen32@example.com,GB,55,737,9083.47,0.262,0
CUST-00033,Bob Chen,bob.chen33@example.com,SE,13,850,7290.62,0.251,0
CUST-00034,Bob Nakamoto,bob.nakamoto34@example.com,GB,53,668,7262.47,0.12,0
CUST-00035,Alice Kovacs,alice.kovacs35@example.com,AU,1,756,4419.74,0.627,0
CUST-00036,Hannah Duval,hannah.duval36@example.com,AU,72,673,6331.9,0.057,0
CUST-00037,Diana Smith,diana.smith37@example.com,CH,70,758,8583.57,0.015,0
CUST-00038,Hannah Al-Mansoor,hannah.al-mansoor38@example.com,SE,21,776,6299.79,0.255,0
CUST-00039,Bob Silva,bob.silva39@example.com,DE,31,592,8488.66,0.171,0
CUST-00040,Julia Silva,julia.silva40@example.com,US,11,640,6208.14,0.418,0
CUST-00041,Evan Nakamoto,evan.nakamoto41@example.com,CA,31,706,6998.81,0.194,0
CUST-00042,Hannah Larsson,hannah.larsson42@example.com,DE,2,501,6278.04,0.797,1
CUST-00043,Bob Al-Mansoor,bob.al-mansoor43@example.com,FR,65,696,11919.11,0.264,0
CUST-00044,Diana Larsson,diana.larsson44@example.com,JP,21,640,6403.34,0.091,0
CUST-00045,Ian Smith,ian.smith45@example.com,SE,39,735,6100.01,0.263,0
CUST-00046,Evan Vance,evan.vance46@example.com,DE,71,737,9263.51,0.063,0
CUST-00047,Fiona Nakamoto,fiona.nakamoto47@example.com,JP,65,580,8031.39,0.254,0
CUST-00048,Bob O'Connor,bob.o'connor48@example.com,JP,6,813,4868.86,0.51,0
CUST-00049,Evan Kovacs,evan.kovacs49@example.com,NL,71,688,5829.62,0.034,0
CUST-00050,Charlie Al-Mansoor,charlie.al-mansoor50@example.com,US,48,680,6395.01,0.038,0
CUST-00051,Evan Larsson,evan.larsson51@example.com,US,46,721,8121.18,0.031,0
CUST-00052,Ian O'Connor,ian.o'connor52@example.com,CH,20,749,4904.99,0.049,0
CUST-00053,Charlie O'Connor,charlie.o'connor53@example.com,US,23,705,4038.27,0.279,0
CUST-00054,Diana Duval,diana.duval54@example.com,GB,14,697,5540.37,0.141,0
CUST-00055,Diana Chen,diana.chen55@example.com,CA,40,762,3207.04,0.067,0
CUST-00056,Diana O'Connor,diana.o'connor56@example.com,CA,36,813,2762.42,0.084,0
CUST-00057,Ian O'Connor,ian.o'connor57@example.com,SE,43,737,6317.98,0.291,0
CUST-00058,Charlie Silva,charlie.silva58@example.com,JP,5,759,5960.29,0.583,0
CUST-00059,Fiona O'Connor,fiona.o'connor59@example.com,CH,66,806,10363.46,0.057,0
CUST-00060,Alice O'Connor,alice.o'connor60@example.com,US,67,776,6841.03,0.216,0
CUST-00061,Diana Larsson,diana.larsson61@example.com,AU,9,838,3670.22,0.499,0
CUST-00062,Bob Duval,bob.duval62@example.com,SE,40,683,5113.69,0.209,0
CUST-00063,Ian Kovacs,ian.kovacs63@example.com,FR,54,680,5687.66,0.224,0
CUST-00064,Charlie Silva,charlie.silva64@example.com,CH,39,615,8347.42,0.091,0
CUST-00065,Diana O'Connor,diana.o'connor65@example.com,CH,42,646,7024.39,0.064,0
CUST-00066,Hannah Kovacs,hannah.kovacs66@example.com,DE,37,625,6102.97,0.101,0
CUST-00067,Diana Duval,diana.duval67@example.com,FR,26,721,6242.5,0.295,0
CUST-00068,Julia Vance,julia.vance68@example.com,NL,54,769,5654.03,0.216,0
CUST-00069,George Chen,george.chen69@example.com,AU,32,764,8296.56,0.268,0
CUST-00070,Bob O'Connor,bob.o'connor70@example.com,FR,23,740,3031.56,0.139,0
CUST-00071,Ian Nakamoto,ian.nakamoto71@example.com,DE,59,754,8945.39,0.159,0
CUST-00072,Ian Silva,ian.silva72@example.com,CA,57,637,5484.55,0.151,0
CUST-00073,Ian Chen,ian.chen73@example.com,GB,61,614,8477.31,0.252,0
CUST-00074,Evan Al-Mansoor,evan.al-mansoor74@example.com,NL,31,706,6764.3,0.086,0
CUST-00075,Evan Larsson,evan.larsson75@example.com,CA,70,740,8499.14,0.115,0
CUST-00076,Charlie Nakamoto,charlie.nakamoto76@example.com,DE,54,647,8434.89,0.125,0
CUST-00077,Diana O'Connor,diana.o'connor77@example.com,AU,3,773,2247.95,0.304,0
CUST-00078,Alice Larsson,alice.larsson78@example.com,JP,50,799,3451.09,0.126,0
CUST-00079,Ian Silva,ian.silva79@example.com,FR,63,722,9540.5,0.01,0
CUST-00080,Fiona O'Connor,fiona.o'connor80@example.com,GB,60,850,5050.31,0.16,0
CUST-00081,George Silva,george.silva81@example.com,CH,4,764,5658.56,0.693,1
CUST-00082,Charlie Smith,charlie.smith82@example.com,JP,49,679,8702.76,0.101,0
CUST-00083,George Duval,george.duval83@example.com,AU,33,744,4402.78,0.225,0
CUST-00084,Alice Larsson,alice.larsson84@example.com,FR,9,726,2385.72,0.603,0
CUST-00085,Diana Nakamoto,diana.nakamoto85@example.com,US,20,714,7533.76,0.034,0
CUST-00086,Diana Chen,diana.chen86@example.com,JP,48,750,9039.83,0.224,0
CUST-00087,Bob Kovacs,bob.kovacs87@example.com,JP,14,588,3236.15,0.173,0
CUST-00088,George O'Connor,george.o'connor88@example.com,FR,10,615,3145.01,0.194,0
CUST-00089,Evan Silva,evan.silva89@example.com,DE,6,673,6359.56,0.296,0
CUST-00090,Ian Larsson,ian.larsson90@example.com,US,54,722,6436.15,0.288,0
CUST-00091,Hannah Kovacs,hannah.kovacs91@example.com,AU,23,694,1003.87,0.081,0
CUST-00092,Ian Chen,ian.chen92@example.com,NL,56,746,5156.15,0.097,0
CUST-00093,Diana Vance,diana.vance93@example.com,JP,58,712,9410.87,0.183,0
CUST-00094,George Larsson,george.larsson94@example.com,US,64,732,6781.42,0.064,0
CUST-00095,Evan Larsson,evan.larsson95@example.com,JP,36,642,5554.65,0.057,0
CUST-00096,Diana O'Connor,diana.o'connor96@example.com,NL,72,714,5346.45,0.194,0
CUST-00097,Hannah Chen,hannah.chen97@example.com,US,12,693,6862.12,0.073,0
CUST-00098,Julia Larsson,julia.larsson98@example.com,NL,71,648,7684.11,0.224,0
CUST-00099,Fiona Larsson,fiona.larsson99@example.com,NL,35,694,7471.53,0.216,0
CUST-00100,Fiona Vance,fiona.vance100@example.com,SE,24,745,8451.94,0.083,0
CUST-00101,Julia Al-Mansoor,julia.al-mansoor101@example.com,CH,37,822,5934.27,0.089,0
CUST-00102,Fiona Kovacs,fiona.kovacs102@example.com,JP,2,701,3695.9,0.036,0
CUST-00103,Alice Al-Mansoor,alice.al-mansoor103@example.com,JP,17,645,3057.17,0.031,0
CUST-00104,Alice Silva,alice.silva104@example.com,JP,61,655,7769.09,0.29,0
CUST-00105,Evan Chen,evan.chen105@example.com,DE,9,690,5362.57,0.504,0
CUST-00106,Alice Kovacs,alice.kovacs106@example.com,GB,39,748,7143.43,0.167,0
CUST-00107,George Silva,george.silva107@example.com,CH,29,719,4211.76,0.273,0
CUST-00108,Evan Silva,evan.silva108@example.com,AU,40,690,6234.81,0.288,0
CUST-00109,Bob Nakamoto,bob.nakamoto109@example.com,FR,34,691,5310.08,0.052,0
CUST-00110,Bob Kovacs,bob.kovacs110@example.com,US,53,633,7889.37,0.087,0
CUST-00111,Diana Duval,diana.duval111@example.com,JP,59,749,8017.6,0.079,0
CUST-00112,Julia Nakamoto,julia.nakamoto112@example.com,AU,15,626,4531.53,0.273,0
CUST-00113,Charlie Vance,charlie.vance113@example.com,US,22,731,3266.01,0.247,0
CUST-00114,Evan Chen,evan.chen114@example.com,DE,60,675,4912.57,0.283,0
CUST-00115,Ian Al-Mansoor,ian.al-mansoor115@example.com,NL,57,724,7598.58,0.13,0
CUST-00116,Fiona Silva,fiona.silva116@example.com,JP,4,838,7198.02,0.669,1
CUST-00117,Julia Silva,julia.silva117@example.com,US,35,619,4841.84,0.053,0
CUST-00118,Ian Chen,ian.chen118@example.com,JP,24,774,5663.04,0.244,0
CUST-00119,Bob Chen,bob.chen119@example.com,CA,53,665,9471.86,0.257,0
CUST-00120,Fiona O'Connor,fiona.o'connor120@example.com,NL,37,678,4797.08,0.228,0
CUST-00121,Alice Chen,alice.chen121@example.com,DE,41,709,7443.43,0.232,0
CUST-00122,Ian Smith,ian.smith122@example.com,SE,60,676,8101.57,0.109,0
CUST-00123,Hannah Chen,hannah.chen123@example.com,US,27,706,6798.45,0.086,0
CUST-00124,Hannah Vance,hannah.vance124@example.com,US,31,697,4546.4,0.01,0
CUST-00125,George Vance,george.vance125@example.com,FR,15,680,5465.85,0.25,0
CUST-00126,Hannah Duval,hannah.duval126@example.com,SE,35,650,7296.23,0.142,0
CUST-00127,Hannah Al-Mansoor,hannah.al-mansoor127@example.com,GB,50,739,9267.09,0.224,0
CUST-00128,Charlie Vance,charlie.vance128@example.com,JP,54,653,9877.06,0.08,0
CUST-00129,Alice Duval,alice.duval129@example.com,JP,63,753,6183.47,0.145,0
CUST-00130,Fiona Al-Mansoor,fiona.al-mansoor130@example.com,SE,49,659,7389.24,0.057,0
CUST-00131,Diana Silva,diana.silva131@example.com,AU,30,748,4544.38,0.095,0
CUST-00132,Hannah O'Connor,hannah.o'connor132@example.com,AU,20,693,5514.51,0.151,0
CUST-00133,Julia Larsson,julia.larsson133@example.com,DE,57,816,9668.4,0.01,0
CUST-00134,Charlie O'Connor,charlie.o'connor134@example.com,GB,10,554,5904.79,0.271,0
CUST-00135,George Vance,george.vance135@example.com,CA,69,671,9025.21,0.216,0
CUST-00136,Hannah Al-Mansoor,hannah.al-mansoor136@example.com,US,9,718,7671.22,0.23,0
CUST-00137,Diana Vance,diana.vance137@example.com,AU,13,716,2347.7,0.03,0
CUST-00138,Charlie Duval,charlie.duval138@example.com,US,6,700,5346.17,0.287,0
CUST-00139,George Kovacs,george.kovacs139@example.com,FR,68,632,9329.81,0.054,0
CUST-00140,Charlie Vance,charlie.vance140@example.com,CH,49,677,6037.08,0.274,0
CUST-00141,Charlie Nakamoto,charlie.nakamoto141@example.com,NL,33,623,6820.67,0.27,0
CUST-00142,Hannah Duval,hannah.duval142@example.com,SE,21,839,7491.94,0.296,0
CUST-00143,Evan O'Connor,evan.o'connor143@example.com,JP,59,732,6458.92,0.115,0
CUST-00144,Hannah Vance,hannah.vance144@example.com,FR,49,639,5922.01,0.298,0
CUST-00145,Evan Smith,evan.smith145@example.com,AU,36,829,6483.23,0.233,0
CUST-00146,Alice Silva,alice.silva146@example.com,NL,37,716,5065.21,0.241,0
CUST-00147,Diana Nakamoto,diana.nakamoto147@example.com,CH,33,667,3565.34,0.198,0
CUST-00148,Charlie Vance,charlie.vance148@example.com,US,40,713,6044.81,0.109,0
CUST-00149,Charlie Vance,charlie.vance149@example.com,JP,42,709,5481.39,0.04,0
CUST-00150,Ian Larsson,ian.larsson150@example.com,SE,65,806,5996.06,0.077,0
CUST-00151,Hannah Duval,hannah.duval151@example.com,CA,15,686,5390.79,0.226,0
CUST-00152,Diana O'Connor,diana.o'connor152@example.com,SE,47,760,7819.14,0.079,0
CUST-00153,Bob Chen,bob.chen153@example.com,CA,34,613,4504.43,0.282,0
CUST-00154,Bob Nakamoto,bob.nakamoto154@example.com,NL,4,604,1758.05,0.262,0
CUST-00155,Julia Nakamoto,julia.nakamoto155@example.com,DE,60,752,6676.87,0.122,0
CUST-00156,Charlie Smith,charlie.smith156@example.com,US,39,739,6427.12,0.07,0
CUST-00157,Ian Kovacs,ian.kovacs157@example.com,AU,59,608,10636.0,0.209,0
CUST-00158,Ian O'Connor,ian.o'connor158@example.com,CH,20,775,3768.68,0.25,0
CUST-00159,Julia O'Connor,julia.o'connor159@example.com,JP,5,694,3577.74,0.356,0
CUST-00160,Diana Larsson,diana.larsson160@example.com,DE,48,550,5529.85,0.108,0
CUST-00161,George Duval,george.duval161@example.com,FR,16,816,4243.04,0.028,0
CUST-00162,Diana Silva,diana.silva162@example.com,US,7,720,3540.85,0.101,0
CUST-00163,Julia Nakamoto,julia.nakamoto163@example.com,DE,71,721,9260.36,0.261,0
CUST-00164,Fiona Kovacs,fiona.kovacs164@example.com,CH,1,680,9651.73,0.79,1
CUST-00165,Ian Duval,ian.duval165@example.com,GB,15,702,4901.19,0.01,0
CUST-00166,Diana Silva,diana.silva166@example.com,CA,3,719,5174.92,0.593,0
CUST-00167,Ian Vance,ian.vance167@example.com,DE,61,656,8094.94,0.178,0
CUST-00168,Hannah Al-Mansoor,hannah.al-mansoor168@example.com,FR,6,691,901.39,0.527,0
CUST-00169,Evan Chen,evan.chen169@example.com,US,8,826,4869.01,0.341,0
CUST-00170,Bob Chen,bob.chen170@example.com,NL,10,752,4061.15,0.119,0
CUST-00171,Charlie Duval,charlie.duval171@example.com,CH,71,696,6336.9,0.179,0
CUST-00172,Evan Chen,evan.chen172@example.com,SE,56,785,8934.11,0.256,0
CUST-00173,Ian Nakamoto,ian.nakamoto173@example.com,AU,58,757,6197.03,0.248,0
CUST-00174,George O'Connor,george.o'connor174@example.com,DE,41,630,7732.37,0.112,0
CUST-00175,Charlie Chen,charlie.chen175@example.com,DE,12,723,4406.47,0.029,0
CUST-00176,Fiona Kovacs,fiona.kovacs176@example.com,SE,8,644,3705.05,0.264,0
CUST-00177,Bob O'Connor,bob.o'connor177@example.com,CA,55,774,5129.78,0.291,0
CUST-00178,Julia Duval,julia.duval178@example.com,CA,14,673,4614.54,0.197,0
CUST-00179,Diana Vance,diana.vance179@example.com,CA,72,641,10357.02,0.172,0
CUST-00180,George Al-Mansoor,george.al-mansoor180@example.com,CH,72,846,8779.99,0.249,0
CUST-00181,Evan Smith,evan.smith181@example.com,GB,35,694,4770.28,0.102,0
CUST-00182,Alice Kovacs,alice.kovacs182@example.com,GB,52,799,8352.73,0.292,0
CUST-00183,Bob Al-Mansoor,bob.al-mansoor183@example.com,FR,49,662,7743.31,0.111,0
CUST-00184,Fiona Silva,fiona.silva184@example.com,CH,11,735,4349.59,0.604,0
CUST-00185,Alice Vance,alice.vance185@example.com,JP,57,673,5584.04,0.133,0
CUST-00186,Evan Nakamoto,evan.nakamoto186@example.com,SE,15,693,5971.27,0.203,0
CUST-00187,Julia Chen,julia.chen187@example.com,SE,40,767,7008.21,0.18,0
CUST-00188,Alice Nakamoto,alice.nakamoto188@example.com,JP,28,721,2858.58,0.087,0
CUST-00189,Bob Smith,bob.smith189@example.com,NL,56,736,8872.21,0.211,0
CUST-00190,Ian Al-Mansoor,ian.al-mansoor190@example.com,CA,10,631,6785.5,0.349,0
CUST-00191,Hannah Vance,hannah.vance191@example.com,CA,55,625,5990.52,0.125,0
CUST-00192,Bob O'Connor,bob.o'connor192@example.com,US,42,778,10455.33,0.138,0
CUST-00193,Fiona Vance,fiona.vance193@example.com,AU,14,713,7597.83,0.157,0
CUST-00194,George Duval,george.duval194@example.com,CA,29,691,6896.76,0.153,0
CUST-00195,Bob Al-Mansoor,bob.al-mansoor195@example.com,SE,25,756,4819.95,0.218,0
CUST-00196,Charlie Nakamoto,charlie.nakamoto196@example.com,DE,19,708,6560.43,0.046,0
CUST-00197,Bob Kovacs,bob.kovacs197@example.com,NL,60,712,4460.73,0.135,0
CUST-00198,Julia Silva,julia.silva198@example.com,CA,41,723,7100.09,0.133,0
CUST-00199,Evan Duval,evan.duval199@example.com,CH,8,695,5466.68,0.369,0
CUST-00200,Alice Smith,alice.smith200@example.com,CA,37,816,8017.88,0.257,0
CUST-00201,Julia Silva,julia.silva201@example.com,SE,50,635,7531.26,0.238,0
CUST-00202,Alice Chen,alice.chen202@example.com,CH,25,680,7592.19,0.045,0
CUST-00203,Alice Chen,alice.chen203@example.com,DE,44,735,6616.55,0.194,0
CUST-00204,Alice Nakamoto,alice.nakamoto204@example.com,NL,57,628,6977.97,0.109,0
CUST-00205,Evan O'Connor,evan.o'connor205@example.com,AU,44,701,6167.57,0.189,0
CUST-00206,Fiona Vance,fiona.vance206@example.com,CA,13,654,4516.15,0.076,0
CUST-00207,Julia Kovacs,julia.kovacs207@example.com,CA,11,681,4556.2,0.28,0
CUST-00208,George Kovacs,george.kovacs208@example.com,CH,11,688,6678.94,0.633,0
CUST-00209,Charlie Al-Mansoor,charlie.al-mansoor209@example.com,DE,55,698,7231.59,0.093,0
CUST-00210,Diana Larsson,diana.larsson210@example.com,NL,25,714,6718.68,0.023,0
CUST-00211,Bob Al-Mansoor,bob.al-mansoor211@example.com,SE,68,762,8283.26,0.23,0
CUST-00212,Charlie Silva,charlie.silva212@example.com,AU,20,769,8392.86,0.231,0
CUST-00213,Charlie Chen,charlie.chen213@example.com,US,53,647,9311.46,0.291,0
CUST-00214,Julia Duval,julia.duval214@example.com,NL,30,659,5671.49,0.243,0
CUST-00215,Hannah Nakamoto,hannah.nakamoto215@example.com,CA,57,662,7699.21,0.115,0
CUST-00216,Ian O'Connor,ian.o'connor216@example.com,GB,26,720,4868.03,0.075,0
CUST-00217,Hannah Larsson,hannah.larsson217@example.com,SE,14,692,3095.24,0.037,0
CUST-00218,Bob Kovacs,bob.kovacs218@example.com,JP,58,738,6830.35,0.131,0
CUST-00219,Diana Chen,diana.chen219@example.com,CA,4,658,5621.79,0.299,0
CUST-00220,George Vance,george.vance220@example.com,CA,29,846,6682.99,0.252,0
CUST-00221,Fiona Kovacs,fiona.kovacs221@example.com,GB,5,684,8046.68,0.557,0
CUST-00222,Charlie Chen,charlie.chen222@example.com,NL,1,719,4353.38,0.173,0
CUST-00223,Charlie Al-Mansoor,charlie.al-mansoor223@example.com,CH,68,618,9344.27,0.071,0
CUST-00224,Bob Smith,bob.smith224@example.com,FR,54,656,5273.85,0.019,0
CUST-00225,Hannah Silva,hannah.silva225@example.com,SE,3,656,2913.7,0.575,0
CUST-00226,Evan O'Connor,evan.o'connor226@example.com,US,46,713,8665.3,0.199,0
CUST-00227,Bob Al-Mansoor,bob.al-mansoor227@example.com,CA,9,782,4298.89,0.629,0
CUST-00228,Ian Al-Mansoor,ian.al-mansoor228@example.com,US,50,722,6616.28,0.116,0
CUST-00229,Fiona Duval,fiona.duval229@example.com,US,46,723,5192.99,0.22,0
CUST-00230,Bob Silva,bob.silva230@example.com,CA,18,782,6022.04,0.244,0
CUST-00231,Charlie Chen,charlie.chen231@example.com,NL,24,718,5098.02,0.233,0
CUST-00232,Hannah Smith,hannah.smith232@example.com,JP,26,748,6126.33,0.013,0
CUST-00233,Evan Al-Mansoor,evan.al-mansoor233@example.com,AU,70,693,8081.8,0.194,0
CUST-00234,Evan Larsson,evan.larsson234@example.com,US,43,694,9841.86,0.131,0
CUST-00235,George Chen,george.chen235@example.com,AU,44,779,6353.59,0.149,0
CUST-00236,Ian Duval,ian.duval236@example.com,DE,55,781,8413.36,0.247,0
CUST-00237,Ian Duval,ian.duval237@example.com,CA,14,787,6476.35,0.092,0
CUST-00238,Julia O'Connor,julia.o'connor238@example.com,GB,57,699,7775.38,0.261,0
CUST-00239,Fiona Silva,fiona.silva239@example.com,AU,36,642,3850.95,0.017,0
CUST-00240,George Larsson,george.larsson240@example.com,SE,21,741,5257.95,0.182,0
CUST-00241,Hannah Smith,hannah.smith241@example.com,GB,9,717,7531.1,0.29,0
CUST-00242,Julia Smith,julia.smith242@example.com,CH,20,646,1539.97,0.112,0
CUST-00243,Bob Silva,bob.silva243@example.com,GB,68,675,9060.35,0.084,0
CUST-00244,Bob Smith,bob.smith244@example.com,GB,64,578,7256.84,0.035,0
CUST-00245,Evan Chen,evan.chen245@example.com,FR,37,634,214.89,0.06,0
CUST-00246,Charlie Vance,charlie.vance246@example.com,NL,23,762,4488.61,0.026,0
CUST-00247,Fiona Larsson,fiona.larsson247@example.com,DE,71,587,7056.85,0.255,0
CUST-00248,Charlie Larsson,charlie.larsson248@example.com,SE,29,739,6782.91,0.042,0
CUST-00249,Hannah Smith,hannah.smith249@example.com,CA,71,649,7163.65,0.295,0
CUST-00250,Charlie Silva,charlie.silva250@example.com,DE,9,623,11576.76,0.575,0
