tx_id,timestamp_utc,account_id,merchant_category,amount,currency,risk_score,is_flagged_fraud
TX-100001,2026-10-01T08:11:00Z,ACC-520,Retail Superstore,14.19,CAD,0.3195,0
TX-100002,2026-10-01T08:17:00Z,ACC-577,Fine Dining,55.69,CAD,0.1203,0
TX-100003,2026-10-01T08:25:00Z,ACC-755,SaaS Subscription,180.21,EUR,0.2477,0
TX-100004,2026-10-01T08:28:00Z,ACC-951,Cloud Hosting,24.93,CAD,0.2528,0
TX-100005,2026-10-01T08:36:00Z,ACC-265,Aviation Booking,55.96,EUR,0.3874,0
TX-100006,2026-10-01T08:42:00Z,ACC-356,Hardware Electronics,43.5,CAD,0.0576,0
TX-100007,2026-10-01T08:54:00Z,ACC-410,SaaS Subscription,16.77,CAD,0.0484,0
TX-100008,2026-10-01T09:00:00Z,ACC-257,Hardware Electronics,158.03,CAD,0.0256,0
TX-100009,2026-10-01T09:07:00Z,ACC-445,SaaS Subscription,214.32,USD,0.186,0
TX-100010,2026-10-01T09:15:00Z,ACC-889,SaaS Subscription,131.37,GBP,0.1565,0
TX-100011,2026-10-01T09:21:00Z,ACC-526,SaaS Subscription,87.71,USD,0.0808,0
TX-100012,2026-10-01T09:26:00Z,ACC-594,Hardware Electronics,47.36,JPY,0.0789,0
TX-100013,2026-10-01T09:31:00Z,ACC-805,Cloud Hosting,74.49,EUR,0.0693,0
TX-100014,2026-10-01T09:42:00Z,ACC-247,Aviation Booking,164.0,GBP,0.158,0
TX-100015,2026-10-01T09:47:00Z,ACC-508,Hardware Electronics,91.83,GBP,0.2201,0
TX-100016,2026-10-01T09:52:00Z,ACC-373,Retail Superstore,23.22,EUR,0.2052,0
TX-100017,2026-10-01T09:59:00Z,ACC-397,Retail Superstore,69.98,CAD,0.4017,0
TX-100018,2026-10-01T10:08:00Z,ACC-691,Fine Dining,30.26,GBP,0.0899,0
TX-100019,2026-10-01T10:14:00Z,ACC-610,SaaS Subscription,87.88,JPY,0.1407,0
TX-100020,2026-10-01T10:23:00Z,ACC-617,Retail Superstore,34.07,EUR,0.1742,0
TX-100021,2026-10-01T10:29:00Z,ACC-149,Cloud Hosting,86.96,GBP,0.2792,0
TX-100022,2026-10-01T10:37:00Z,ACC-392,SaaS Subscription,230.41,USD,0.0322,0
TX-100023,2026-10-01T10:44:00Z,ACC-237,Aviation Booking,178.2,GBP,0.0692,0
TX-100024,2026-10-01T10:52:00Z,ACC-675,Hardware Electronics,101.68,GBP,0.2406,0
TX-100025,2026-10-01T10:55:00Z,ACC-495,SaaS Subscription,178.48,JPY,0.083,0
TX-100026,2026-10-01T11:07:00Z,ACC-725,Cloud Hosting,448.06,EUR,0.5045,0
TX-100027,2026-10-01T11:12:00Z,ACC-482,Aviation Booking,340.52,CAD,0.1525,0
TX-100028,2026-10-01T11:20:00Z,ACC-511,SaaS Subscription,10.56,USD,0.0701,0
TX-100029,2026-10-01T11:24:00Z,ACC-830,Aviation Booking,92.91,JPY,0.3005,0
TX-100030,2026-10-01T11:31:00Z,ACC-435,SaaS Subscription,26.28,GBP,0.3543,0
TX-100031,2026-10-01T11:41:00Z,ACC-857,Aviation Booking,54.2,CAD,0.2199,0
TX-100032,2026-10-01T11:49:00Z,ACC-676,Aviation Booking,207.97,JPY,0.0196,0
TX-100033,2026-10-01T11:53:00Z,ACC-439,Fine Dining,473.83,USD,0.0,0
TX-100034,2026-10-01T12:03:00Z,ACC-993,Fine Dining,114.03,USD,0.0425,0
TX-100035,2026-10-01T12:07:00Z,ACC-771,SaaS Subscription,35.98,CAD,0.2802,0
TX-100036,2026-10-01T12:16:00Z,ACC-744,Fine Dining,183.79,CAD,0.1935,0
TX-100037,2026-10-01T12:22:00Z,ACC-251,Fine Dining,8.85,EUR,0.2049,0
TX-100038,2026-10-01T12:26:00Z,ACC-551,Aviation Booking,24.7,JPY,0.1315,0
TX-100039,2026-10-01T12:38:00Z,ACC-308,Retail Superstore,183.98,CAD,0.3639,0
TX-100040,2026-10-01T12:45:00Z,ACC-844,Cloud Hosting,92.75,EUR,0.0333,0
TX-100041,2026-10-01T12:51:00Z,ACC-432,Fine Dining,94.45,JPY,0.1211,0
TX-100042,2026-10-01T12:58:00Z,ACC-450,SaaS Subscription,140.19,GBP,0.2181,0
TX-100043,2026-10-01T13:06:00Z,ACC-797,Fine Dining,118.02,GBP,0.182,0
TX-100044,2026-10-01T13:12:00Z,ACC-405,Hardware Electronics,181.98,GBP,0.2344,0
TX-100045,2026-10-01T13:20:00Z,ACC-312,Fine Dining,50.76,JPY,0.0,0
TX-100046,2026-10-01T13:27:00Z,ACC-380,Aviation Booking,107.25,USD,0.3774,0
TX-100047,2026-10-01T13:33:00Z,ACC-488,Retail Superstore,376.09,GBP,0.1834,0
TX-100048,2026-10-01T13:38:00Z,ACC-831,Cloud Hosting,314.26,GBP,0.0564,0
TX-100049,2026-10-01T13:48:00Z,ACC-362,Fine Dining,33.89,JPY,0.1949,0
TX-100050,2026-10-01T13:54:00Z,ACC-812,Aviation Booking,18.88,EUR,0.0658,0
TX-100051,2026-10-01T14:02:00Z,ACC-700,Hardware Electronics,11.25,EUR,0.221,0
TX-100052,2026-10-01T14:05:00Z,ACC-153,Cloud Hosting,53.11,JPY,0.1018,0
TX-100053,2026-10-01T14:14:00Z,ACC-202,Fine Dining,5.62,EUR,0.0,0
TX-100054,2026-10-01T14:21:00Z,ACC-768,Retail Superstore,131.16,JPY,0.0641,0
TX-100055,2026-10-01T14:27:00Z,ACC-428,Aviation Booking,291.23,USD,0.2827,0
TX-100056,2026-10-01T14:36:00Z,ACC-856,Fine Dining,298.34,USD,0.2336,0
TX-100057,2026-10-01T14:40:00Z,ACC-527,Hardware Electronics,709.17,USD,0.56,0
TX-100058,2026-10-01T14:51:00Z,ACC-993,Aviation Booking,6.12,USD,0.2346,0
TX-100059,2026-10-01T14:57:00Z,ACC-717,Cloud Hosting,45.18,GBP,0.2999,0
TX-100060,2026-10-01T15:03:00Z,ACC-237,SaaS Subscription,43.23,JPY,0.1397,0
TX-100061,2026-10-01T15:07:00Z,ACC-438,Hardware Electronics,130.39,JPY,0.146,0
TX-100062,2026-10-01T15:16:00Z,ACC-909,Aviation Booking,139.65,CAD,0.1302,0
TX-100063,2026-10-01T15:22:00Z,ACC-279,SaaS Subscription,215.53,JPY,0.0991,0
TX-100064,2026-10-01T15:33:00Z,ACC-197,Hardware Electronics,82.89,EUR,0.1451,0
TX-100065,2026-10-01T15:36:00Z,ACC-106,Aviation Booking,37.23,JPY,0.157,0
TX-100066,2026-10-01T15:44:00Z,ACC-696,Fine Dining,6.38,CAD,0.0,0
TX-100067,2026-10-01T15:54:00Z,ACC-468,Fine Dining,12.7,EUR,0.2257,0
TX-100068,2026-10-01T15:59:00Z,ACC-802,SaaS Subscription,145.65,GBP,0.2195,0
TX-100069,2026-10-01T16:08:00Z,ACC-402,Aviation Booking,34.95,CAD,0.282,0
TX-100070,2026-10-01T16:13:00Z,ACC-865,SaaS Subscription,69.51,GBP,0.1138,0
TX-100071,2026-10-01T16:21:00Z,ACC-582,SaaS Subscription,177.19,EUR,0.0815,0
TX-100072,2026-10-01T16:24:00Z,ACC-638,Retail Superstore,150.99,CAD,0.0037,0
TX-100073,2026-10-01T16:31:00Z,ACC-677,Cloud Hosting,216.77,USD,0.2161,0
TX-100074,2026-10-01T16:42:00Z,ACC-253,Hardware Electronics,236.3,GBP,0.1038,0
TX-100075,2026-10-01T16:48:00Z,ACC-219,Fine Dining,156.44,EUR,0.0,0
TX-100076,2026-10-01T16:55:00Z,ACC-928,Cloud Hosting,21.98,JPY,0.168,0
TX-100077,2026-10-01T17:02:00Z,ACC-567,SaaS Subscription,103.19,USD,0.102,0
TX-100078,2026-10-01T17:06:00Z,ACC-505,Aviation Booking,169.36,USD,0.0589,0
TX-100079,2026-10-01T17:17:00Z,ACC-174,Cloud Hosting,55.69,JPY,0.5042,0
TX-100080,2026-10-01T17:20:00Z,ACC-583,Cloud Hosting,68.09,GBP,0.3,0
TX-100081,2026-10-01T17:28:00Z,ACC-884,Fine Dining,61.3,JPY,0.2516,0
TX-100082,2026-10-01T17:37:00Z,ACC-484,Cloud Hosting,22.12,CAD,0.0674,0
TX-100083,2026-10-01T17:43:00Z,ACC-221,Hardware Electronics,64.92,CAD,0.382,0
TX-100084,2026-10-01T17:48:00Z,ACC-874,Cloud Hosting,79.61,GBP,0.3889,0
TX-100085,2026-10-01T18:00:00Z,ACC-657,Retail Superstore,62.22,CAD,0.167,0
TX-100086,2026-10-01T18:03:00Z,ACC-382,Hardware Electronics,8.93,USD,0.2823,0
TX-100087,2026-10-01T18:14:00Z,ACC-529,SaaS Subscription,38.04,USD,0.2969,0
TX-100088,2026-10-01T18:19:00Z,ACC-712,Fine Dining,38.68,USD,0.2161,0
TX-100089,2026-10-01T18:23:00Z,ACC-511,Retail Superstore,98.12,EUR,0.1557,0
TX-100090,2026-10-01T18:31:00Z,ACC-615,Aviation Booking,208.0,EUR,0.0,0
TX-100091,2026-10-01T18:42:00Z,ACC-689,Aviation Booking,114.33,CAD,0.1006,0
TX-100092,2026-10-01T18:46:00Z,ACC-997,Hardware Electronics,34.98,CAD,0.0567,0
TX-100093,2026-10-01T18:53:00Z,ACC-381,Cloud Hosting,360.99,CAD,0.3423,0
TX-100094,2026-10-01T19:03:00Z,ACC-795,Retail Superstore,87.13,CAD,0.0,0
TX-100095,2026-10-01T19:07:00Z,ACC-758,Fine Dining,189.9,JPY,0.0979,0
TX-100096,2026-10-01T19:13:00Z,ACC-407,Retail Superstore,173.49,EUR,0.2631,0
TX-100097,2026-10-01T19:22:00Z,ACC-346,Hardware Electronics,238.84,GBP,0.2324,0
TX-100098,2026-10-01T19:26:00Z,ACC-675,Retail Superstore,102.78,JPY,0.2554,0
TX-100099,2026-10-01T19:34:00Z,ACC-497,Hardware Electronics,32.28,GBP,0.0,0
TX-100100,2026-10-01T19:42:00Z,ACC-194,SaaS Subscription,11.35,EUR,0.0,0
TX-100101,2026-10-01T19:50:00Z,ACC-789,SaaS Subscription,9.84,CAD,0.3446,0
TX-100102,2026-10-01T19:58:00Z,ACC-841,Fine Dining,34.36,CAD,0.2458,0
TX-100103,2026-10-01T20:02:00Z,ACC-990,Aviation Booking,382.64,GBP,0.431,0
TX-100104,2026-10-01T20:13:00Z,ACC-220,Fine Dining,300.03,JPY,0.1772,0
TX-100105,2026-10-01T20:20:00Z,ACC-718,Fine Dining,65.63,EUR,0.1571,0
TX-100106,2026-10-01T20:24:00Z,ACC-489,Retail Superstore,130.54,CAD,0.2555,0
TX-100107,2026-10-01T20:31:00Z,ACC-367,Aviation Booking,262.28,CAD,0.0,0
TX-100108,2026-10-01T20:41:00Z,ACC-580,Aviation Booking,60.58,EUR,0.1958,0
TX-100109,2026-10-01T20:46:00Z,ACC-146,SaaS Subscription,167.23,EUR,0.3016,0
TX-100110,2026-10-01T20:54:00Z,ACC-693,Fine Dining,46.98,JPY,0.1655,0
TX-100111,2026-10-01T20:58:00Z,ACC-437,Hardware Electronics,106.22,JPY,0.1541,0
TX-100112,2026-10-01T21:09:00Z,ACC-445,Aviation Booking,412.57,JPY,0.3017,0
TX-100113,2026-10-01T21:16:00Z,ACC-857,Retail Superstore,27.1,JPY,0.1704,0
TX-100114,2026-10-01T21:23:00Z,ACC-659,Retail Superstore,303.52,EUR,0.0798,0
TX-100115,2026-10-01T21:29:00Z,ACC-757,Cloud Hosting,9.13,CAD,0.3151,0
TX-100116,2026-10-01T21:37:00Z,ACC-149,Cloud Hosting,22.75,JPY,0.0,0
TX-100117,2026-10-01T21:44:00Z,ACC-336,Cloud Hosting,6.1,EUR,0.0341,0
TX-100118,2026-10-01T21:50:00Z,ACC-753,Fine Dining,297.68,CAD,0.1458,0
TX-100119,2026-10-01T21:58:00Z,ACC-599,Cloud Hosting,96.17,USD,0.1313,0
TX-100120,2026-10-01T22:05:00Z,ACC-381,SaaS Subscription,7.07,GBP,0.1617,0
TX-100121,2026-10-01T22:12:00Z,ACC-790,Retail Superstore,18.58,EUR,0.206,0
TX-100122,2026-10-01T22:15:00Z,ACC-734,SaaS Subscription,207.63,GBP,0.1888,0
TX-100123,2026-10-01T22:23:00Z,ACC-914,Retail Superstore,61.03,USD,0.0214,0
TX-100124,2026-10-01T22:33:00Z,ACC-331,Aviation Booking,132.27,USD,0.2362,0
TX-100125,2026-10-01T22:40:00Z,ACC-877,Cloud Hosting,67.36,USD,0.0522,0
TX-100126,2026-10-01T22:47:00Z,ACC-109,Fine Dining,15.36,EUR,0.2451,0
TX-100127,2026-10-01T22:52:00Z,ACC-760,Aviation Booking,459.4,CAD,0.4012,0
TX-100128,2026-10-01T22:56:00Z,ACC-335,Hardware Electronics,82.44,CAD,0.1083,0
TX-100129,2026-10-01T23:03:00Z,ACC-176,Fine Dining,280.49,GBP,0.1214,0
TX-100130,2026-10-01T23:12:00Z,ACC-116,Hardware Electronics,23.69,CAD,0.1379,0
TX-100131,2026-10-01T23:22:00Z,ACC-940,Retail Superstore,47.68,USD,0.0072,0
TX-100132,2026-10-01T23:27:00Z,ACC-793,SaaS Subscription,63.11,GBP,0.0893,0
TX-100133,2026-10-01T23:36:00Z,ACC-243,Fine Dining,88.37,USD,0.1894,0
TX-100134,2026-10-01T23:41:00Z,ACC-337,Cloud Hosting,116.52,GBP,0.1436,0
TX-100135,2026-10-01T23:49:00Z,ACC-709,Retail Superstore,8.61,GBP,0.0951,0
TX-100136,2026-10-01T23:55:00Z,ACC-333,Aviation Booking,344.92,CAD,0.5218,0
TX-100137,2026-10-02T00:02:00Z,ACC-290,Fine Dining,134.69,CAD,0.293,0
TX-100138,2026-10-02T00:07:00Z,ACC-830,Cloud Hosting,42.43,USD,0.2354,0
TX-100139,2026-10-02T00:16:00Z,ACC-828,Fine Dining,166.49,EUR,0.1268,0
TX-100140,2026-10-02T00:20:00Z,ACC-415,Retail Superstore,176.93,GBP,0.202,0
TX-100141,2026-10-02T00:27:00Z,ACC-235,Cloud Hosting,72.66,EUR,0.0153,0
TX-100142,2026-10-02T00:34:00Z,ACC-126,Cloud Hosting,101.95,GBP,0.0996,0
TX-100143,2026-10-02T00:45:00Z,ACC-712,Aviation Booking,6.49,JPY,0.0,0
TX-100144,2026-10-02T00:53:00Z,ACC-672,Hardware Electronics,93.35,CAD,0.2575,0
TX-100145,2026-10-02T01:00:00Z,ACC-489,Hardware Electronics,42.59,EUR,0.1422,0
TX-100146,2026-10-02T01:03:00Z,ACC-545,Aviation Booking,47.76,JPY,0.217,0
TX-100147,2026-10-02T01:09:00Z,ACC-469,Aviation Booking,158.14,EUR,0.0,0
TX-100148,2026-10-02T01:19:00Z,ACC-209,Hardware Electronics,5.81,GBP,0.1544,0
TX-100149,2026-10-02T01:26:00Z,ACC-440,SaaS Subscription,200.6,JPY,0.0981,0
TX-100150,2026-10-02T01:35:00Z,ACC-708,Hardware Electronics,51.4,GBP,0.2451,0
TX-100151,2026-10-02T01:42:00Z,ACC-305,Retail Superstore,28.47,GBP,0.0656,0
TX-100152,2026-10-02T01:49:00Z,ACC-811,Fine Dining,417.16,JPY,0.2128,0
TX-100153,2026-10-02T01:52:00Z,ACC-433,Retail Superstore,208.46,GBP,0.1038,0
TX-100154,2026-10-02T02:02:00Z,ACC-304,SaaS Subscription,28.8,CAD,0.1868,0
TX-100155,2026-10-02T02:09:00Z,ACC-127,Fine Dining,348.71,JPY,0.2038,0
TX-100156,2026-10-02T02:17:00Z,ACC-170,Retail Superstore,22.98,JPY,0.3577,0
TX-100157,2026-10-02T02:21:00Z,ACC-347,Aviation Booking,155.73,EUR,0.1614,0
TX-100158,2026-10-02T02:30:00Z,ACC-590,SaaS Subscription,96.72,JPY,0.1044,0
TX-100159,2026-10-02T02:38:00Z,ACC-528,SaaS Subscription,192.69,USD,0.0,0
TX-100160,2026-10-02T02:44:00Z,ACC-708,Fine Dining,18.9,USD,0.347,0
TX-100161,2026-10-02T02:48:00Z,ACC-773,Fine Dining,26.83,GBP,0.0327,0
TX-100162,2026-10-02T02:59:00Z,ACC-793,Fine Dining,413.66,JPY,0.0496,0
TX-100163,2026-10-02T03:03:00Z,ACC-915,Retail Superstore,6.27,USD,0.1421,0
TX-100164,2026-10-02T03:12:00Z,ACC-671,SaaS Subscription,34.97,CAD,0.2933,0
TX-100165,2026-10-02T03:17:00Z,ACC-500,Retail Superstore,145.71,CAD,0.3943,0
TX-100166,2026-10-02T03:25:00Z,ACC-207,Aviation Booking,308.91,JPY,0.4896,0
TX-100167,2026-10-02T03:29:00Z,ACC-218,Fine Dining,56.39,EUR,0.034,0
TX-100168,2026-10-02T03:40:00Z,ACC-594,Aviation Booking,17.33,JPY,0.3252,0
TX-100169,2026-10-02T03:48:00Z,ACC-813,Retail Superstore,13.34,GBP,0.3316,0
TX-100170,2026-10-02T03:50:00Z,ACC-969,Aviation Booking,140.66,USD,0.2024,0
TX-100171,2026-10-02T03:58:00Z,ACC-858,Hardware Electronics,28.01,CAD,0.2323,0
TX-100172,2026-10-02T04:07:00Z,ACC-337,Retail Superstore,29.75,EUR,0.2799,0
TX-100173,2026-10-02T04:16:00Z,ACC-542,Retail Superstore,165.45,USD,0.2473,0
TX-100174,2026-10-02T04:21:00Z,ACC-498,Cloud Hosting,32.65,EUR,0.0621,0
TX-100175,2026-10-02T04:30:00Z,ACC-928,Cloud Hosting,17.88,CAD,0.2035,0
TX-100176,2026-10-02T04:34:00Z,ACC-301,Retail Superstore,41.51,USD,0.0944,0
TX-100177,2026-10-02T04:42:00Z,ACC-640,Fine Dining,114.05,GBP,0.0279,0
TX-100178,2026-10-02T04:48:00Z,ACC-460,Retail Superstore,27.73,CAD,0.0473,0
TX-100179,2026-10-02T04:58:00Z,ACC-822,Aviation Booking,112.04,CAD,0.1011,0
TX-100180,2026-10-02T05:01:00Z,ACC-412,Cloud Hosting,61.08,EUR,0.0582,0
TX-100181,2026-10-02T05:08:00Z,ACC-623,Retail Superstore,113.89,JPY,0.0378,0
TX-100182,2026-10-02T05:17:00Z,ACC-750,SaaS Subscription,102.14,EUR,0.093,0
TX-100183,2026-10-02T05:24:00Z,ACC-395,Hardware Electronics,50.33,EUR,0.112,0
TX-100184,2026-10-02T05:30:00Z,ACC-109,Retail Superstore,31.05,EUR,0.1621,0
TX-100185,2026-10-02T05:38:00Z,ACC-675,SaaS Subscription,68.14,JPY,0.0,0
TX-100186,2026-10-02T05:45:00Z,ACC-600,Hardware Electronics,105.0,USD,0.1598,0
TX-100187,2026-10-02T05:50:00Z,ACC-399,Cloud Hosting,35.56,GBP,0.0997,0
TX-100188,2026-10-02T06:00:00Z,ACC-860,Retail Superstore,90.8,CAD,0.3529,0
TX-100189,2026-10-02T06:07:00Z,ACC-216,Aviation Booking,212.98,CAD,0.0005,0
TX-100190,2026-10-02T06:10:00Z,ACC-878,Fine Dining,99.85,JPY,0.3157,0
TX-100191,2026-10-02T06:20:00Z,ACC-204,Fine Dining,47.41,EUR,0.2812,0
TX-100192,2026-10-02T06:26:00Z,ACC-982,Cloud Hosting,245.56,JPY,0.1494,0
TX-100193,2026-10-02T06:31:00Z,ACC-894,Hardware Electronics,204.73,EUR,0.0551,0
TX-100194,2026-10-02T06:43:00Z,ACC-724,Fine Dining,26.78,JPY,0.0915,0
TX-100195,2026-10-02T06:46:00Z,ACC-903,Hardware Electronics,201.44,EUR,0.0162,0
TX-100196,2026-10-02T06:56:00Z,ACC-651,Hardware Electronics,468.59,GBP,0.0869,0
TX-100197,2026-10-02T07:01:00Z,ACC-396,SaaS Subscription,370.38,GBP,0.0,0
TX-100198,2026-10-02T07:06:00Z,ACC-238,Retail Superstore,591.92,USD,0.6709,0
TX-100199,2026-10-02T07:18:00Z,ACC-229,Fine Dining,39.47,EUR,0.0959,0
TX-100200,2026-10-02T07:25:00Z,ACC-502,Retail Superstore,108.37,EUR,0.0,0
TX-100201,2026-10-02T07:29:00Z,ACC-742,Retail Superstore,77.18,JPY,0.0,0
TX-100202,2026-10-02T07:34:00Z,ACC-512,SaaS Subscription,147.38,GBP,0.0,0
TX-100203,2026-10-02T07:43:00Z,ACC-565,Retail Superstore,109.66,GBP,0.3081,0
TX-100204,2026-10-02T07:48:00Z,ACC-848,Retail Superstore,232.74,GBP,0.0,0
TX-100205,2026-10-02T07:59:00Z,ACC-507,Hardware Electronics,214.05,JPY,0.0441,0
TX-100206,2026-10-02T08:04:00Z,ACC-445,SaaS Subscription,21.79,CAD,0.1535,0
TX-100207,2026-10-02T08:12:00Z,ACC-907,Aviation Booking,10.64,USD,0.0,0
TX-100208,2026-10-02T08:16:00Z,ACC-227,Hardware Electronics,78.17,JPY,0.0,0
TX-100209,2026-10-02T08:26:00Z,ACC-307,Fine Dining,261.6,EUR,0.0717,0
TX-100210,2026-10-02T08:32:00Z,ACC-195,Fine Dining,39.58,GBP,0.3816,0
TX-100211,2026-10-02T08:39:00Z,ACC-780,Fine Dining,11.38,EUR,0.014,0
TX-100212,2026-10-02T08:45:00Z,ACC-539,Fine Dining,150.97,USD,0.0129,0
TX-100213,2026-10-02T08:51:00Z,ACC-318,Retail Superstore,22.08,USD,0.177,0
TX-100214,2026-10-02T08:58:00Z,ACC-108,Fine Dining,208.86,GBP,0.3291,0
TX-100215,2026-10-02T09:08:00Z,ACC-810,Hardware Electronics,13.82,JPY,0.0058,0
TX-100216,2026-10-02T09:12:00Z,ACC-205,Aviation Booking,260.42,GBP,0.2803,0
TX-100217,2026-10-02T09:20:00Z,ACC-491,Hardware Electronics,13.5,EUR,0.0,0
TX-100218,2026-10-02T09:27:00Z,ACC-550,Aviation Booking,123.69,EUR,0.0862,0
TX-100219,2026-10-02T09:34:00Z,ACC-521,SaaS Subscription,240.9,JPY,0.1972,0
TX-100220,2026-10-02T09:40:00Z,ACC-703,Fine Dining,56.98,JPY,0.1786,0
TX-100221,2026-10-02T09:50:00Z,ACC-422,Hardware Electronics,43.92,EUR,0.2815,0
TX-100222,2026-10-02T09:58:00Z,ACC-838,SaaS Subscription,186.13,GBP,0.2269,0
TX-100223,2026-10-02T10:06:00Z,ACC-127,Fine Dining,32.6,GBP,0.0893,0
TX-100224,2026-10-02T10:11:00Z,ACC-402,Fine Dining,188.79,USD,0.1017,0
TX-100225,2026-10-02T10:16:00Z,ACC-606,Retail Superstore,38.1,USD,0.1202,0
TX-100226,2026-10-02T10:22:00Z,ACC-469,Aviation Booking,63.7,EUR,0.1149,0
TX-100227,2026-10-02T10:33:00Z,ACC-530,Aviation Booking,142.84,CAD,0.1738,0
TX-100228,2026-10-02T10:36:00Z,ACC-117,SaaS Subscription,6.67,USD,0.0,0
TX-100229,2026-10-02T10:44:00Z,ACC-140,Cloud Hosting,89.77,JPY,0.0522,0
TX-100230,2026-10-02T10:53:00Z,ACC-533,Fine Dining,15.32,JPY,0.0477,0
TX-100231,2026-10-02T11:01:00Z,ACC-650,SaaS Subscription,44.0,EUR,0.0972,0
TX-100232,2026-10-02T11:05:00Z,ACC-927,Hardware Electronics,52.48,CAD,0.2835,0
TX-100233,2026-10-02T11:15:00Z,ACC-749,Fine Dining,49.56,USD,0.0,0
TX-100234,2026-10-02T11:19:00Z,ACC-159,Hardware Electronics,315.24,USD,0.2638,0
TX-100235,2026-10-02T11:25:00Z,ACC-564,SaaS Subscription,11.79,CAD,0.0615,0
TX-100236,2026-10-02T11:33:00Z,ACC-222,Cloud Hosting,150.08,EUR,0.0,0
TX-100237,2026-10-02T11:40:00Z,ACC-608,Aviation Booking,92.38,CAD,0.1909,0
TX-100238,2026-10-02T11:48:00Z,ACC-229,Fine Dining,163.43,GBP,0.0665,0
TX-100239,2026-10-02T11:53:00Z,ACC-889,Cloud Hosting,202.47,GBP,0.144,0
TX-100240,2026-10-02T12:05:00Z,ACC-690,Fine Dining,87.26,USD,0.1932,0
TX-100241,2026-10-02T12:11:00Z,ACC-468,Cloud Hosting,240.39,JPY,0.185,0
TX-100242,2026-10-02T12:14:00Z,ACC-687,Fine Dining,36.12,USD,0.2109,0
TX-100243,2026-10-02T12:25:00Z,ACC-102,Cloud Hosting,38.65,USD,0.0339,0
TX-100244,2026-10-02T12:29:00Z,ACC-283,Cloud Hosting,200.02,CAD,0.1708,0
TX-100245,2026-10-02T12:40:00Z,ACC-858,Fine Dining,35.51,JPY,0.1529,0
TX-100246,2026-10-02T12:44:00Z,ACC-377,Cloud Hosting,60.98,CAD,0.417,0
TX-100247,2026-10-02T12:53:00Z,ACC-789,Cloud Hosting,35.31,EUR,0.1134,0
TX-100248,2026-10-02T12:59:00Z,ACC-170,Retail Superstore,183.22,GBP,0.1464,0
TX-100249,2026-10-02T13:05:00Z,ACC-435,Cloud Hosting,78.22,CAD,0.0823,0
TX-100250,2026-10-02T13:12:00Z,ACC-857,SaaS Subscription,79.82,EUR,0.2231,0
TX-100251,2026-10-02T13:21:00Z,ACC-605,Hardware Electronics,176.5,CAD,0.1504,0
TX-100252,2026-10-02T13:27:00Z,ACC-124,Hardware Electronics,56.04,CAD,0.1636,0
TX-100253,2026-10-02T13:36:00Z,ACC-998,Cloud Hosting,5.18,GBP,0.0217,0
TX-100254,2026-10-02T13:43:00Z,ACC-414,Cloud Hosting,95.56,EUR,0.0,0
TX-100255,2026-10-02T13:46:00Z,ACC-529,Retail Superstore,436.49,USD,0.2109,0
TX-100256,2026-10-02T13:52:00Z,ACC-337,SaaS Subscription,149.82,JPY,0.2258,0
TX-100257,2026-10-02T14:01:00Z,ACC-569,Fine Dining,109.32,USD,0.0,0
TX-100258,2026-10-02T14:09:00Z,ACC-176,SaaS Subscription,12.72,CAD,0.1442,0
TX-100259,2026-10-02T14:18:00Z,ACC-233,Hardware Electronics,41.29,GBP,0.0644,0
TX-100260,2026-10-02T14:25:00Z,ACC-951,Fine Dining,50.94,GBP,0.3478,0
TX-100261,2026-10-02T14:29:00Z,ACC-339,Cloud Hosting,22.56,EUR,0.1573,0
TX-100262,2026-10-02T14:34:00Z,ACC-268,Retail Superstore,50.23,JPY,0.0928,0
TX-100263,2026-10-02T14:41:00Z,ACC-648,Aviation Booking,77.16,EUR,0.0,0
TX-100264,2026-10-02T14:48:00Z,ACC-261,Fine Dining,215.11,GBP,0.2036,0
TX-100265,2026-10-02T15:00:00Z,ACC-717,Cloud Hosting,221.89,EUR,0.1254,0
TX-100266,2026-10-02T15:03:00Z,ACC-464,Retail Superstore,11.02,CAD,0.1963,0
TX-100267,2026-10-02T15:11:00Z,ACC-366,Hardware Electronics,369.63,USD,0.2434,0
TX-100268,2026-10-02T15:20:00Z,ACC-355,Cloud Hosting,17.9,JPY,0.0289,0
TX-100269,2026-10-02T15:24:00Z,ACC-224,Cloud Hosting,217.9,USD,0.2131,0
TX-100270,2026-10-02T15:33:00Z,ACC-481,Fine Dining,109.77,USD,0.1431,0
TX-100271,2026-10-02T15:39:00Z,ACC-932,Cloud Hosting,708.73,USD,0.7697,0
TX-100272,2026-10-02T15:45:00Z,ACC-194,Aviation Booking,10.24,USD,0.3137,0
TX-100273,2026-10-02T15:54:00Z,ACC-151,Hardware Electronics,73.12,CAD,0.1275,0
TX-100274,2026-10-02T16:01:00Z,ACC-799,Retail Superstore,57.42,EUR,0.0113,0
TX-100275,2026-10-02T16:06:00Z,ACC-381,Aviation Booking,262.91,JPY,0.3128,0
TX-100276,2026-10-02T16:13:00Z,ACC-762,Aviation Booking,68.72,JPY,0.186,0
TX-100277,2026-10-02T16:23:00Z,ACC-590,Cloud Hosting,44.38,USD,0.2021,0
TX-100278,2026-10-02T16:30:00Z,ACC-355,Fine Dining,195.08,CAD,0.2108,0
TX-100279,2026-10-02T16:36:00Z,ACC-900,Fine Dining,83.4,GBP,0.1716,0
TX-100280,2026-10-02T16:44:00Z,ACC-614,Aviation Booking,42.84,JPY,0.0419,0
TX-100281,2026-10-02T16:47:00Z,ACC-426,SaaS Subscription,8.57,EUR,0.1863,0
TX-100282,2026-10-02T16:57:00Z,ACC-642,Aviation Booking,945.62,CAD,0.5869,0
TX-100283,2026-10-02T17:02:00Z,ACC-202,Hardware Electronics,42.2,EUR,0.2584,0
TX-100284,2026-10-02T17:08:00Z,ACC-882,Hardware Electronics,229.89,CAD,0.0,0
TX-100285,2026-10-02T17:18:00Z,ACC-463,Hardware Electronics,37.39,EUR,0.0686,0
TX-100286,2026-10-02T17:24:00Z,ACC-705,Cloud Hosting,358.77,GBP,0.3288,0
TX-100287,2026-10-02T17:33:00Z,ACC-245,SaaS Subscription,222.46,EUR,0.2679,0
TX-100288,2026-10-02T17:40:00Z,ACC-416,Hardware Electronics,9.64,JPY,0.0,0
TX-100289,2026-10-02T17:43:00Z,ACC-338,SaaS Subscription,7.42,EUR,0.0433,0
TX-100290,2026-10-02T17:54:00Z,ACC-306,Hardware Electronics,156.45,GBP,0.1649,0
TX-100291,2026-10-02T17:59:00Z,ACC-160,Cloud Hosting,111.0,EUR,0.3297,0
TX-100292,2026-10-02T18:08:00Z,ACC-981,Aviation Booking,61.13,USD,0.0471,0
TX-100293,2026-10-02T18:16:00Z,ACC-505,SaaS Subscription,54.24,USD,0.0057,0
TX-100294,2026-10-02T18:23:00Z,ACC-547,Fine Dining,130.7,JPY,0.444,0
TX-100295,2026-10-02T18:26:00Z,ACC-824,SaaS Subscription,190.57,CAD,0.1768,0
TX-100296,2026-10-02T18:33:00Z,ACC-487,Aviation Booking,21.35,GBP,0.3078,0
TX-100297,2026-10-02T18:44:00Z,ACC-101,Fine Dining,64.63,CAD,0.4608,0
TX-100298,2026-10-02T18:46:00Z,ACC-286,SaaS Subscription,309.65,GBP,0.1388,0
TX-100299,2026-10-02T18:57:00Z,ACC-326,Fine Dining,18.19,CAD,0.0424,0
TX-100300,2026-10-02T19:00:00Z,ACC-343,Aviation Booking,27.05,GBP,0.1526,0
TX-100301,2026-10-02T19:07:00Z,ACC-941,Fine Dining,76.01,GBP,0.1413,0
TX-100302,2026-10-02T19:14:00Z,ACC-458,Aviation Booking,157.93,USD,0.2405,0
TX-100303,2026-10-02T19:21:00Z,ACC-495,Retail Superstore,422.25,JPY,0.2547,0
TX-100304,2026-10-02T19:31:00Z,ACC-459,SaaS Subscription,17.83,JPY,0.0572,0
TX-100305,2026-10-02T19:38:00Z,ACC-907,SaaS Subscription,26.3,EUR,0.3576,0
TX-100306,2026-10-02T19:44:00Z,ACC-120,Aviation Booking,368.54,GBP,0.2537,0
TX-100307,2026-10-02T19:49:00Z,ACC-450,Hardware Electronics,26.05,JPY,0.405,0
TX-100308,2026-10-02T19:56:00Z,ACC-446,SaaS Subscription,273.45,CAD,0.2799,0
TX-100309,2026-10-02T20:08:00Z,ACC-131,Retail Superstore,117.17,EUR,0.1135,0
TX-100310,2026-10-02T20:12:00Z,ACC-310,Hardware Electronics,148.36,JPY,0.166,0
TX-100311,2026-10-02T20:22:00Z,ACC-847,SaaS Subscription,134.67,GBP,0.1342,0
TX-100312,2026-10-02T20:27:00Z,ACC-685,SaaS Subscription,25.01,JPY,0.2015,0
TX-100313,2026-10-02T20:33:00Z,ACC-103,Retail Superstore,46.87,USD,0.0647,0
TX-100314,2026-10-02T20:39:00Z,ACC-199,Cloud Hosting,27.48,EUR,0.0117,0
TX-100315,2026-10-02T20:47:00Z,ACC-183,Retail Superstore,49.24,USD,0.0388,0
TX-100316,2026-10-02T20:57:00Z,ACC-371,Cloud Hosting,63.83,CAD,0.2335,0
TX-100317,2026-10-02T21:01:00Z,ACC-490,Aviation Booking,75.82,EUR,0.1388,0
TX-100318,2026-10-02T21:07:00Z,ACC-957,Aviation Booking,12.63,CAD,0.2838,0
TX-100319,2026-10-02T21:18:00Z,ACC-783,Cloud Hosting,137.37,USD,0.1943,0
TX-100320,2026-10-02T21:24:00Z,ACC-332,SaaS Subscription,225.51,USD,0.0341,0
TX-100321,2026-10-02T21:31:00Z,ACC-528,SaaS Subscription,107.04,JPY,0.1591,0
TX-100322,2026-10-02T21:37:00Z,ACC-974,Fine Dining,88.68,USD,0.2507,0
TX-100323,2026-10-02T21:45:00Z,ACC-919,SaaS Subscription,24.14,CAD,0.2744,0
TX-100324,2026-10-02T21:49:00Z,ACC-316,Hardware Electronics,10.23,EUR,0.1089,0
TX-100325,2026-10-02T21:55:00Z,ACC-799,Retail Superstore,713.38,EUR,0.5018,0
TX-100326,2026-10-02T22:04:00Z,ACC-427,Fine Dining,15.93,USD,0.0,0
TX-100327,2026-10-02T22:13:00Z,ACC-506,SaaS Subscription,238.07,GBP,0.0,0
TX-100328,2026-10-02T22:16:00Z,ACC-905,Fine Dining,111.28,CAD,0.117,0
TX-100329,2026-10-02T22:26:00Z,ACC-215,Retail Superstore,24.25,EUR,0.0,0
TX-100330,2026-10-02T22:30:00Z,ACC-208,SaaS Subscription,189.87,USD,0.0439,0
TX-100331,2026-10-02T22:41:00Z,ACC-452,Retail Superstore,62.95,GBP,0.0,0
TX-100332,2026-10-02T22:44:00Z,ACC-276,Aviation Booking,23.64,JPY,0.1649,0
TX-100333,2026-10-02T22:55:00Z,ACC-797,Fine Dining,9.75,JPY,0.2328,0
TX-100334,2026-10-02T22:59:00Z,ACC-150,Fine Dining,309.35,JPY,0.0811,0
TX-100335,2026-10-02T23:07:00Z,ACC-120,Aviation Booking,49.69,GBP,0.2807,0
TX-100336,2026-10-02T23:17:00Z,ACC-200,Hardware Electronics,47.88,EUR,0.0,0
TX-100337,2026-10-02T23:24:00Z,ACC-553,Aviation Booking,161.59,GBP,0.109,0
TX-100338,2026-10-02T23:29:00Z,ACC-316,Retail Superstore,176.0,JPY,0.1182,0
TX-100339,2026-10-02T23:35:00Z,ACC-940,Cloud Hosting,193.13,CAD,0.3229,0
TX-100340,2026-10-02T23:43:00Z,ACC-238,SaaS Subscription,8.53,CAD,0.2256,0
TX-100341,2026-10-02T23:48:00Z,ACC-996,Hardware Electronics,39.44,USD,0.0,0
TX-100342,2026-10-02T23:59:00Z,ACC-303,Aviation Booking,213.14,GBP,0.2225,0
TX-100343,2026-10-03T00:05:00Z,ACC-506,Fine Dining,142.17,USD,0.157,0
TX-100344,2026-10-03T00:11:00Z,ACC-281,Retail Superstore,101.18,CAD,0.2888,0
TX-100345,2026-10-03T00:17:00Z,ACC-267,Aviation Booking,45.27,USD,0.0959,0
TX-100346,2026-10-03T00:26:00Z,ACC-898,Hardware Electronics,130.08,EUR,0.1968,0
TX-100347,2026-10-03T00:34:00Z,ACC-311,Aviation Booking,91.41,JPY,0.3569,0
TX-100348,2026-10-03T00:41:00Z,ACC-109,Retail Superstore,130.08,EUR,0.0,0
TX-100349,2026-10-03T00:47:00Z,ACC-920,Cloud Hosting,39.9,EUR,0.1848,0
TX-100350,2026-10-03T00:55:00Z,ACC-758,Aviation Booking,276.01,JPY,0.0536,0
TX-100351,2026-10-03T00:59:00Z,ACC-570,Aviation Booking,80.44,EUR,0.0512,0
TX-100352,2026-10-03T01:07:00Z,ACC-698,Cloud Hosting,90.97,USD,0.0,0
TX-100353,2026-10-03T01:16:00Z,ACC-963,Aviation Booking,130.07,CAD,0.0718,0
TX-100354,2026-10-03T01:18:00Z,ACC-593,Cloud Hosting,539.41,GBP,0.6201,0
TX-100355,2026-10-03T01:30:00Z,ACC-432,Aviation Booking,133.1,GBP,0.3164,0
TX-100356,2026-10-03T01:33:00Z,ACC-253,SaaS Subscription,280.94,EUR,0.0984,0
TX-100357,2026-10-03T01:43:00Z,ACC-513,Fine Dining,142.02,GBP,0.1186,0
TX-100358,2026-10-03T01:48:00Z,ACC-365,Retail Superstore,63.98,JPY,0.0,0
TX-100359,2026-10-03T01:53:00Z,ACC-697,Fine Dining,208.15,CAD,0.0452,0
TX-100360,2026-10-03T02:05:00Z,ACC-647,Fine Dining,289.41,JPY,0.3081,0
TX-100361,2026-10-03T02:12:00Z,ACC-467,SaaS Subscription,229.04,GBP,0.2823,0
TX-100362,2026-10-03T02:15:00Z,ACC-400,Cloud Hosting,21.43,JPY,0.0,0
TX-100363,2026-10-03T02:23:00Z,ACC-842,SaaS Subscription,357.32,EUR,0.2913,0
TX-100364,2026-10-03T02:29:00Z,ACC-463,Hardware Electronics,70.47,GBP,0.0468,0
TX-100365,2026-10-03T02:37:00Z,ACC-480,Aviation Booking,46.79,CAD,0.2304,0
TX-100366,2026-10-03T02:47:00Z,ACC-697,SaaS Subscription,13.87,CAD,0.0411,0
TX-100367,2026-10-03T02:50:00Z,ACC-612,Cloud Hosting,95.56,JPY,0.0,0
TX-100368,2026-10-03T02:57:00Z,ACC-240,Hardware Electronics,68.15,GBP,0.2761,0
TX-100369,2026-10-03T03:07:00Z,ACC-568,Hardware Electronics,243.0,GBP,0.1709,0
TX-100370,2026-10-03T03:12:00Z,ACC-746,Hardware Electronics,125.78,GBP,0.1946,0
TX-100371,2026-10-03T03:17:00Z,ACC-562,Aviation Booking,176.85,EUR,0.2499,0
TX-100372,2026-10-03T03:27:00Z,ACC-904,Cloud Hosting,119.38,EUR,0.328,0
TX-100373,2026-10-03T03:36:00Z,ACC-539,Retail Superstore,408.42,JPY,0.1253,0
TX-100374,2026-10-03T03:39:00Z,ACC-848,Aviation Booking,272.08,USD,0.1723,0
TX-100375,2026-10-03T03:49:00Z,ACC-295,Cloud Hosting,123.24,USD,0.1514,0
TX-100376,2026-10-03T03:54:00Z,ACC-419,Hardware Electronics,63.05,USD,0.3345,0
TX-100377,2026-10-03T04:03:00Z,ACC-413,Hardware Electronics,213.37,USD,0.1203,0
TX-100378,2026-10-03T04:11:00Z,ACC-632,SaaS Subscription,54.47,CAD,0.245,0
TX-100379,2026-10-03T04:18:00Z,ACC-237,Aviation Booking,58.41,JPY,0.2601,0
TX-100380,2026-10-03T04:23:00Z,ACC-119,Hardware Electronics,160.87,EUR,0.4203,0
TX-100381,2026-10-03T04:28:00Z,ACC-316,Fine Dining,111.9,USD,0.2059,0
TX-100382,2026-10-03T04:39:00Z,ACC-911,Cloud Hosting,256.02,JPY,0.2501,0
TX-100383,2026-10-03T04:43:00Z,ACC-889,SaaS Subscription,10.98,CAD,0.3266,0
TX-100384,2026-10-03T04:53:00Z,ACC-956,Cloud Hosting,145.45,USD,0.1441,0
TX-100385,2026-10-03T04:58:00Z,ACC-554,Retail Superstore,100.1,USD,0.0817,0
TX-100386,2026-10-03T05:07:00Z,ACC-802,Fine Dining,47.99,USD,0.1611,0
TX-100387,2026-10-03T05:14:00Z,ACC-203,Fine Dining,42.76,CAD,0.0987,0
TX-100388,2026-10-03T05:16:00Z,ACC-623,Fine Dining,20.03,CAD,0.1098,0
TX-100389,2026-10-03T05:23:00Z,ACC-903,Cloud Hosting,31.57,JPY,0.1791,0
TX-100390,2026-10-03T05:34:00Z,ACC-306,Aviation Booking,47.01,JPY,0.2391,0
TX-100391,2026-10-03T05:37:00Z,ACC-661,Retail Superstore,144.85,EUR,0.0629,0
TX-100392,2026-10-03T05:44:00Z,ACC-787,Cloud Hosting,221.39,USD,0.1606,0
TX-100393,2026-10-03T05:56:00Z,ACC-605,Hardware Electronics,186.44,USD,0.3214,0
TX-100394,2026-10-03T06:00:00Z,ACC-759,Hardware Electronics,542.59,JPY,0.8093,1
TX-100395,2026-10-03T06:07:00Z,ACC-370,Retail Superstore,17.62,USD,0.1655,0
TX-100396,2026-10-03T06:14:00Z,ACC-468,Fine Dining,71.61,GBP,0.1803,0
TX-100397,2026-10-03T06:19:00Z,ACC-197,Cloud Hosting,234.26,USD,0.112,0
TX-100398,2026-10-03T06:28:00Z,ACC-548,SaaS Subscription,257.92,GBP,0.0872,0
TX-100399,2026-10-03T06:33:00Z,ACC-481,Aviation Booking,19.5,EUR,0.0427,0
TX-100400,2026-10-03T06:43:00Z,ACC-806,Retail Superstore,130.58,JPY,0.2277,0
TX-100401,2026-10-03T06:48:00Z,ACC-215,Hardware Electronics,484.25,USD,0.1814,0
TX-100402,2026-10-03T06:58:00Z,ACC-594,SaaS Subscription,29.0,JPY,0.1034,0
TX-100403,2026-10-03T07:04:00Z,ACC-897,Aviation Booking,8.51,CAD,0.0583,0
TX-100404,2026-10-03T07:09:00Z,ACC-594,Retail Superstore,267.28,USD,0.0,0
TX-100405,2026-10-03T07:18:00Z,ACC-147,Cloud Hosting,132.7,GBP,0.3909,0
TX-100406,2026-10-03T07:26:00Z,ACC-885,Fine Dining,159.38,CAD,0.1687,0
TX-100407,2026-10-03T07:30:00Z,ACC-785,Aviation Booking,93.85,CAD,0.1336,0
TX-100408,2026-10-03T07:41:00Z,ACC-844,Hardware Electronics,55.91,JPY,0.0989,0
TX-100409,2026-10-03T07:48:00Z,ACC-756,Retail Superstore,224.19,EUR,0.0,0
TX-100410,2026-10-03T07:50:00Z,ACC-111,Fine Dining,89.52,EUR,0.0223,0
TX-100411,2026-10-03T08:00:00Z,ACC-972,Retail Superstore,14.34,EUR,0.061,0
TX-100412,2026-10-03T08:06:00Z,ACC-151,SaaS Subscription,100.95,EUR,0.1547,0
TX-100413,2026-10-03T08:14:00Z,ACC-512,Hardware Electronics,78.74,USD,0.1914,0
TX-100414,2026-10-03T08:21:00Z,ACC-557,Aviation Booking,478.54,USD,0.0259,0
TX-100415,2026-10-03T08:30:00Z,ACC-769,Cloud Hosting,66.99,USD,0.2976,0
TX-100416,2026-10-03T08:32:00Z,ACC-910,SaaS Subscription,126.78,CAD,0.1838,0
TX-100417,2026-10-03T08:43:00Z,ACC-675,Hardware Electronics,365.34,JPY,0.1238,0
TX-100418,2026-10-03T08:47:00Z,ACC-964,Retail Superstore,103.56,GBP,0.1803,0
TX-100419,2026-10-03T08:57:00Z,ACC-714,Retail Superstore,156.02,GBP,0.3027,0
TX-100420,2026-10-03T09:01:00Z,ACC-102,Aviation Booking,217.55,GBP,0.283,0
TX-100421,2026-10-03T09:09:00Z,ACC-660,SaaS Subscription,150.32,GBP,0.2189,0
TX-100422,2026-10-03T09:15:00Z,ACC-941,Fine Dining,18.58,JPY,0.1704,0
TX-100423,2026-10-03T09:25:00Z,ACC-300,Hardware Electronics,324.48,USD,0.0463,0
TX-100424,2026-10-03T09:29:00Z,ACC-833,Aviation Booking,174.84,USD,0.2327,0
TX-100425,2026-10-03T09:35:00Z,ACC-748,Fine Dining,20.78,CAD,0.2532,0
TX-100426,2026-10-03T09:46:00Z,ACC-616,Hardware Electronics,5.52,JPY,0.0666,0
TX-100427,2026-10-03T09:54:00Z,ACC-149,SaaS Subscription,224.03,JPY,0.0078,0
TX-100428,2026-10-03T09:57:00Z,ACC-808,SaaS Subscription,162.34,EUR,0.1653,0
TX-100429,2026-10-03T10:04:00Z,ACC-206,Retail Superstore,116.82,CAD,0.0419,0
TX-100430,2026-10-03T10:13:00Z,ACC-723,Fine Dining,43.36,EUR,0.373,0
TX-100431,2026-10-03T10:19:00Z,ACC-401,Retail Superstore,22.85,EUR,0.0,0
TX-100432,2026-10-03T10:28:00Z,ACC-406,Fine Dining,241.54,CAD,0.0,0
TX-100433,2026-10-03T10:36:00Z,ACC-854,SaaS Subscription,31.91,EUR,0.0793,0
TX-100434,2026-10-03T10:40:00Z,ACC-788,Hardware Electronics,89.12,EUR,0.0801,0
TX-100435,2026-10-03T10:50:00Z,ACC-752,Aviation Booking,176.64,USD,0.0033,0
TX-100436,2026-10-03T10:57:00Z,ACC-827,Retail Superstore,45.41,CAD,0.0895,0
TX-100437,2026-10-03T11:02:00Z,ACC-927,Cloud Hosting,18.51,CAD,0.121,0
TX-100438,2026-10-03T11:06:00Z,ACC-304,Aviation Booking,497.76,EUR,0.177,0
TX-100439,2026-10-03T11:18:00Z,ACC-356,Hardware Electronics,145.77,USD,0.0938,0
TX-100440,2026-10-03T11:20:00Z,ACC-467,Retail Superstore,119.89,USD,0.3428,0
TX-100441,2026-10-03T11:32:00Z,ACC-857,SaaS Subscription,167.77,EUR,0.0681,0
TX-100442,2026-10-03T11:39:00Z,ACC-394,Fine Dining,318.23,USD,0.1168,0
TX-100443,2026-10-03T11:44:00Z,ACC-526,Fine Dining,410.18,GBP,0.3368,0
TX-100444,2026-10-03T11:49:00Z,ACC-735,Retail Superstore,295.95,EUR,0.2157,0
TX-100445,2026-10-03T12:00:00Z,ACC-826,Fine Dining,173.83,GBP,0.0,0
TX-100446,2026-10-03T12:07:00Z,ACC-298,Aviation Booking,28.44,JPY,0.1029,0
TX-100447,2026-10-03T12:14:00Z,ACC-176,Hardware Electronics,164.4,EUR,0.1753,0
TX-100448,2026-10-03T12:18:00Z,ACC-669,Aviation Booking,26.06,EUR,0.1736,0
TX-100449,2026-10-03T12:25:00Z,ACC-105,Aviation Booking,153.42,JPY,0.189,0
TX-100450,2026-10-03T12:32:00Z,ACC-711,Cloud Hosting,227.29,CAD,0.2073,0
TX-100451,2026-10-03T12:39:00Z,ACC-602,SaaS Subscription,58.2,CAD,0.1723,0
TX-100452,2026-10-03T12:45:00Z,ACC-288,SaaS Subscription,190.16,USD,0.0474,0
TX-100453,2026-10-03T12:52:00Z,ACC-525,SaaS Subscription,66.98,CAD,0.0045,0
TX-100454,2026-10-03T13:03:00Z,ACC-439,Aviation Booking,46.7,GBP,0.3518,0
TX-100455,2026-10-03T13:09:00Z,ACC-643,Retail Superstore,213.26,CAD,0.1658,0
TX-100456,2026-10-03T13:17:00Z,ACC-454,Retail Superstore,286.83,EUR,0.1481,0
TX-100457,2026-10-03T13:23:00Z,ACC-736,Hardware Electronics,142.69,USD,0.0349,0
TX-100458,2026-10-03T13:26:00Z,ACC-495,Aviation Booking,159.47,CAD,0.391,0
TX-100459,2026-10-03T13:33:00Z,ACC-629,Aviation Booking,199.83,CAD,0.1161,0
TX-100460,2026-10-03T13:45:00Z,ACC-297,Aviation Booking,15.31,CAD,0.1621,0
TX-100461,2026-10-03T13:47:00Z,ACC-271,SaaS Subscription,5.88,CAD,0.3139,0
TX-100462,2026-10-03T13:55:00Z,ACC-985,Fine Dining,221.7,JPY,0.2215,0
TX-100463,2026-10-03T14:02:00Z,ACC-650,Fine Dining,129.81,JPY,0.3348,0
TX-100464,2026-10-03T14:09:00Z,ACC-124,Retail Superstore,9.63,GBP,0.0765,0
TX-100465,2026-10-03T14:15:00Z,ACC-155,Hardware Electronics,103.0,GBP,0.0731,0
TX-100466,2026-10-03T14:24:00Z,ACC-517,Retail Superstore,124.38,JPY,0.1109,0
TX-100467,2026-10-03T14:32:00Z,ACC-423,Cloud Hosting,139.25,JPY,0.0,0
TX-100468,2026-10-03T14:40:00Z,ACC-164,Fine Dining,10.59,CAD,0.1127,0
TX-100469,2026-10-03T14:43:00Z,ACC-466,SaaS Subscription,46.07,USD,0.0857,0
TX-100470,2026-10-03T14:52:00Z,ACC-883,Retail Superstore,65.33,JPY,0.0,0
TX-100471,2026-10-03T15:02:00Z,ACC-131,Retail Superstore,96.49,EUR,0.2283,0
TX-100472,2026-10-03T15:08:00Z,ACC-402,Fine Dining,47.47,EUR,0.2403,0
TX-100473,2026-10-03T15:16:00Z,ACC-763,Aviation Booking,101.76,USD,0.0921,0
TX-100474,2026-10-03T15:18:00Z,ACC-686,SaaS Subscription,97.44,JPY,0.1291,0
TX-100475,2026-10-03T15:25:00Z,ACC-412,Hardware Electronics,33.55,GBP,0.3443,0
TX-100476,2026-10-03T15:33:00Z,ACC-264,Hardware Electronics,120.13,EUR,0.019,0
TX-100477,2026-10-03T15:41:00Z,ACC-298,Cloud Hosting,138.4,EUR,0.1134,0
TX-100478,2026-10-03T15:50:00Z,ACC-572,Fine Dining,14.11,CAD,0.1335,0
TX-100479,2026-10-03T15:58:00Z,ACC-168,Aviation Booking,31.39,USD,0.0,0
TX-100480,2026-10-03T16:02:00Z,ACC-231,Fine Dining,17.65,EUR,0.0068,0
TX-100481,2026-10-03T16:11:00Z,ACC-171,Hardware Electronics,84.83,GBP,0.0668,0
TX-100482,2026-10-03T16:19:00Z,ACC-698,Hardware Electronics,105.4,CAD,0.3052,0
TX-100483,2026-10-03T16:23:00Z,ACC-538,Hardware Electronics,50.09,USD,0.1921,0
TX-100484,2026-10-03T16:33:00Z,ACC-546,Aviation Booking,22.31,GBP,0.0,0
TX-100485,2026-10-03T16:40:00Z,ACC-439,Retail Superstore,75.73,JPY,0.1715,0
TX-100486,2026-10-03T16:42:00Z,ACC-279,Fine Dining,15.26,CAD,0.013,0
TX-100487,2026-10-03T16:51:00Z,ACC-979,Hardware Electronics,31.24,CAD,0.1326,0
TX-100488,2026-10-03T17:01:00Z,ACC-177,Cloud Hosting,124.84,CAD,0.0,0
TX-100489,2026-10-03T17:07:00Z,ACC-692,Retail Superstore,33.71,CAD,0.2408,0
TX-100490,2026-10-03T17:14:00Z,ACC-583,Fine Dining,59.65,EUR,0.1713,0
TX-100491,2026-10-03T17:18:00Z,ACC-890,SaaS Subscription,22.25,GBP,0.0977,0
TX-100492,2026-10-03T17:26:00Z,ACC-614,Cloud Hosting,231.05,EUR,0.1496,0
TX-100493,2026-10-03T17:35:00Z,ACC-800,Hardware Electronics,23.15,CAD,0.2338,0
TX-100494,2026-10-03T17:42:00Z,ACC-775,Hardware Electronics,340.97,JPY,0.2806,0
TX-100495,2026-10-03T17:45:00Z,ACC-324,Retail Superstore,12.79,EUR,0.1258,0
TX-100496,2026-10-03T17:53:00Z,ACC-630,Aviation Booking,81.11,JPY,0.176,0
TX-100497,2026-10-03T18:02:00Z,ACC-147,Cloud Hosting,18.07,GBP,0.3167,0
TX-100498,2026-10-03T18:08:00Z,ACC-954,Fine Dining,108.71,GBP,0.1165,0
TX-100499,2026-10-03T18:17:00Z,ACC-278,Retail Superstore,59.55,JPY,0.0199,0
TX-100500,2026-10-03T18:24:00Z,ACC-357,Retail Superstore,92.17,EUR,0.0,0
